시간,발전량
2025-01-01 00:00,0.5418284760406369
2025-01-01 01:00,0.3270984075261443
2025-01-01 02:00,0.5184328549944124
2025-01-01 03:00,1.370324118922988
2025-01-01 04:00,1.1133504936605996
2025-01-01 05:00,2.019026581527064
2025-01-01 06:00,1.5867386035382323
2025-01-01 07:00,2.5344637083889348
2025-01-01 08:00,10.175561131711056
2025-01-01 09:00,10.506036471555582
2025-01-01 10:00,3.7135773292725776
2025-01-01 11:00,0.2691932325044051
2025-01-01 12:00,1.2149922637327761
2025-01-01 13:00,7.093711808193287
2025-01-01 14:00,6.525681771246125
2025-01-01 15:00,6.700158998030174
2025-01-01 16:00,5.407279364816005
2025-01-01 17:00,6.732824592193181
2025-01-01 18:00,12.348686031078689
2025-01-01 19:00,14.479488440342475
2025-01-01 20:00,8.425115447658547
2025-01-01 21:00,17.884126267360365
2025-01-01 22:00,17.495384488576228
2025-01-01 23:00,9.38644006040659
2025-01-02 00:00,3.42567504070281
2025-01-02 01:00,6.64607351513672
2025-01-02 02:00,8.191173130480003
2025-01-02 03:00,6.8410838723764344
2025-01-02 04:00,2.640318540415429
2025-01-02 05:00,10.1262135367439
2025-01-02 06:00,14.206823408100817
2025-01-02 07:00,9.273935312293064
2025-01-02 08:00,4.409552661682227
2025-01-02 09:00,2.4431240728852273
2025-01-02 10:00,1.0776508538703378
2025-01-02 11:00,0.0
2025-01-02 12:00,2.0415077678091986
2025-01-02 13:00,3.9876595280439426
2025-01-02 14:00,11.591908196277771
2025-01-02 15:00,12.580789159937964
2025-01-02 16:00,20.99708004905787
2025-01-02 17:00,28.04223026215093
2025-01-02 18:00,21.844354468970213
2025-01-02 19:00,22.66556861192403
2025-01-02 20:00,18.631868275259993
2025-01-02 21:00,14.225103351345513
2025-01-02 22:00,9.749612557900633
2025-01-02 23:00,9.070962087467569
2025-01-03 00:00,17.053158798448315
2025-01-03 01:00,14.599769826850098
2025-01-03 02:00,25.691234839157833
2025-01-03 03:00,21.77126734996926
2025-01-03 04:00,34.88961203347409
2025-01-03 05:00,28.043327648279856
2025-01-03 06:00,22.40216025011304
2025-01-03 07:00,15.265104121623404
2025-01-03 08:00,17.461508517040016
2025-01-03 09:00,21.393821243978493
2025-01-03 10:00,14.867185124169033
2025-01-03 11:00,2.95268952609818
2025-01-03 12:00,8.045289868821696
2025-01-03 13:00,4.0480190632619095
2025-01-03 14:00,0.0
2025-01-03 15:00,0.0
2025-01-03 16:00,0.0
2025-01-03 17:00,4.223194202161592
2025-01-03 18:00,13.68570531030766
2025-01-03 19:00,9.551381097710784
2025-01-03 20:00,29.450397015562338
2025-01-03 21:00,35.55402505967491
2025-01-03 22:00,25.14633001898092
2025-01-03 23:00,25.61463638724048
2025-01-04 00:00,5.875456071542801
2025-01-04 01:00,5.499014122937454
2025-01-04 02:00,3.9365431807764146
2025-01-04 03:00,3.7857914266059707
2025-01-04 04:00,6.598842110688112
2025-01-04 05:00,1.255769154488236
2025-01-04 06:00,0.0
2025-01-04 07:00,0.0
2025-01-04 08:00,0.0
2025-01-04 09:00,0.0
2025-01-04 10:00,0.0
2025-01-04 11:00,0.0
2025-01-04 12:00,0.0
2025-01-04 13:00,0.0
2025-01-04 14:00,0.0
2025-01-04 15:00,0.0
2025-01-04 16:00,0.0
2025-01-04 17:00,0.0
2025-01-04 18:00,0.0
2025-01-04 19:00,0.0
2025-01-04 20:00,0.0
2025-01-04 21:00,1.7860806027695082
2025-01-04 22:00,0.10374265160236096
2025-01-04 23:00,6.317886473218366
2025-01-05 00:00,0.7440117331983123
2025-01-05 01:00,6.965943720561003
2025-01-05 02:00,10.883071963115114
2025-01-05 03:00,14.2733599416747
2025-01-05 04:00,13.527916007181435
2025-01-05 05:00,20.34299676132933
2025-01-05 06:00,19.96962831872898
2025-01-05 07:00,29.026070572279465
2025-01-05 08:00,30.73635565268429
2025-01-05 09:00,16.834205842958063
2025-01-05 10:00,21.54182299890507
2025-01-05 11:00,21.206998826354216
2025-01-05 12:00,45.29624572394034
2025-01-05 13:00,45.97183788768816
2025-01-05 14:00,49.270958710408706
2025-01-05 15:00,37.30190297173912
2025-01-05 16:00,30.675670082006516
2025-01-05 17:00,23.571445455455013
2025-01-05 18:00,12.360955336041307
2025-01-05 19:00,11.0028338551454
2025-01-05 20:00,9.958002115322195
2025-01-05 21:00,7.4111896768639
2025-01-05 22:00,9.424421437379683
2025-01-05 23:00,13.642980245065331
2025-01-06 00:00,23.139043517381012
2025-01-06 01:00,21.855953996055035
2025-01-06 02:00,24.931307115924483
2025-01-06 03:00,17.354373132672084
2025-01-06 04:00,18.656720829139626
2025-01-06 05:00,23.243477733092007
2025-01-06 06:00,15.73673695486897
2025-01-06 07:00,14.77827414392529
2025-01-06 08:00,15.011489295312096
2025-01-06 09:00,13.212388262141948
2025-01-06 10:00,13.375655954915278
2025-01-06 11:00,38.1173354031841
2025-01-06 12:00,40.424070654668675
2025-01-06 13:00,47.08418779224041
2025-01-06 14:00,43.49824889710896
2025-01-06 15:00,52.91950568723134
2025-01-06 16:00,52.63898935117746
2025-01-06 17:00,49.74088342085993
2025-01-06 18:00,51.3733899631944
2025-01-06 19:00,57.27636951547546
2025-01-06 20:00,54.189402947682794
2025-01-06 21:00,55.45283633373617
2025-01-06 22:00,55.23452283384744
2025-01-06 23:00,55.20187942513824
2025-01-07 00:00,54.46153462734623
2025-01-07 01:00,53.92320503764351
2025-01-07 02:00,54.965626821916345
2025-01-07 03:00,51.968033874253656
2025-01-07 04:00,39.002845596061064
2025-01-07 05:00,27.977760709342046
2025-01-07 06:00,25.577927381989596
2025-01-07 07:00,10.721526211982248
2025-01-07 08:00,3.7921568790349744
2025-01-07 09:00,4.556139061822353
2025-01-07 10:00,6.249925367766465
2025-01-07 11:00,10.396084117278729
2025-01-07 12:00,36.332057232654854
2025-01-07 13:00,39.91256290614027
2025-01-07 14:00,32.42717826902914
2025-01-07 15:00,52.513590717505416
2025-01-07 16:00,46.34515538735648
2025-01-07 17:00,48.57293831120073
2025-01-07 18:00,38.91758898134112
2025-01-07 19:00,55.56885719637103
2025-01-07 20:00,46.61163287930903
2025-01-07 21:00,31.2713657157025
2025-01-07 22:00,45.611255725093606
2025-01-07 23:00,40.13000572252561
2025-01-08 00:00,45.2968382897487
2025-01-08 01:00,44.08911732662221
2025-01-08 02:00,25.49066163204807
2025-01-08 03:00,28.056395202609046
2025-01-08 04:00,29.979209749737926
2025-01-08 05:00,21.923711950330187
2025-01-08 06:00,22.051848703468945
2025-01-08 07:00,7.249621332617505
2025-01-08 08:00,24.96105748299837
2025-01-08 09:00,13.127328781724422
2025-01-08 10:00,13.52277706554042
2025-01-08 11:00,21.56846504294115
2025-01-08 12:00,16.33638282522553
2025-01-08 13:00,15.385974504180457
2025-01-08 14:00,25.394723356979185
2025-01-08 15:00,28.72634396971332
2025-01-08 16:00,29.940651552616785
2025-01-08 17:00,39.53183852089313
2025-01-08 18:00,53.68051602166717
2025-01-08 19:00,51.27144727242655
2025-01-08 20:00,52.76711495408047
2025-01-08 21:00,55.286275670194755
2025-01-08 22:00,53.7047255065535
2025-01-08 23:00,53.501067871552685
2025-01-09 00:00,54.15048582231798
2025-01-09 01:00,53.7177858310371
2025-01-09 02:00,56.742272706976436
2025-01-09 03:00,54.33007322301162
2025-01-09 04:00,54.83168438389126
2025-01-09 05:00,54.2970702797618
2025-01-09 06:00,54.50493518174053
2025-01-09 07:00,53.27867577114287
2025-01-09 08:00,53.176703882870044
2025-01-09 09:00,54.85358767302584
2025-01-09 10:00,55.65911285596155
2025-01-09 11:00,51.60491785754225
2025-01-09 12:00,53.223434666198656
2025-01-09 13:00,54.030731334045726
2025-01-09 14:00,53.49209664016947
2025-01-09 15:00,52.699339978822415
2025-01-09 16:00,51.79577318000733
2025-01-09 17:00,52.25356817716846
2025-01-09 18:00,52.1005776856294
2025-01-09 19:00,52.67864579699119
2025-01-09 20:00,50.005781672871414
2025-01-09 21:00,52.33820437763995
2025-01-09 22:00,49.58611768788008
2025-01-09 23:00,35.008422871770286
2025-01-10 00:00,27.39971289600803
2025-01-10 01:00,16.020198297511783
2025-01-10 02:00,15.459995617799404
2025-01-10 03:00,10.625000538494978
2025-01-10 04:00,9.142908969506614
2025-01-10 05:00,9.774111726196763
2025-01-10 06:00,8.040562738792346
2025-01-10 07:00,7.824252016924116
2025-01-10 08:00,13.993569359179853
2025-01-10 09:00,4.923243776883609
2025-01-10 10:00,3.1311329277848983
2025-01-10 11:00,2.1341011437212374
2025-01-10 12:00,2.051253228404416
2025-01-10 13:00,2.1549153109788515
2025-01-10 14:00,5.049742338995229
2025-01-10 15:00,7.951251843021385
2025-01-10 16:00,12.566477190219967
2025-01-10 17:00,8.394407883746952
2025-01-10 18:00,10.258604465121183
2025-01-10 19:00,6.458503008900656
2025-01-10 20:00,1.5727991148755807
2025-01-10 21:00,18.945133969953645
2025-01-10 22:00,8.760132423649678
2025-01-10 23:00,7.068787810191274
2025-01-11 00:00,1.133409164825578
2025-01-11 01:00,0.7760404321723495
2025-01-11 02:00,0.2827799025212272
2025-01-11 03:00,1.1300829558634462
2025-01-11 04:00,2.0067225163724722
2025-01-11 05:00,2.540891915566012
2025-01-11 06:00,0.9845634277863211
2025-01-11 07:00,1.5546397775127572
2025-01-11 08:00,1.3876482344639283
2025-01-11 09:00,2.1984946312830904
2025-01-11 10:00,2.2524616395245123
2025-01-11 11:00,1.186592921252068
2025-01-11 12:00,0.5640439002033492
2025-01-11 13:00,1.1232876401776402
2025-01-11 14:00,0.3671824927343337
2025-01-11 15:00,0.9598888608985157
2025-01-11 16:00,0.790498231199093
2025-01-11 17:00,0.6230784317711668
2025-01-11 18:00,1.3692667320656078
2025-01-11 19:00,0.0
2025-01-11 20:00,0.5477588927981332
2025-01-11 21:00,4.375535346621061
2025-01-11 22:00,3.4814795339887903
2025-01-11 23:00,4.7867752002888055
2025-01-12 00:00,2.6671302163611563
2025-01-12 01:00,1.3757873543518513
2025-01-12 02:00,2.4109323613210094
2025-01-12 03:00,1.2744470174959337
2025-01-12 04:00,3.619193532107914
2025-01-12 05:00,2.8753428864916595
2025-01-12 06:00,5.359459670918801
2025-01-12 07:00,3.9002209358463626
2025-01-12 08:00,3.142355069666294
2025-01-12 09:00,0.960879330601176
2025-01-12 10:00,1.4940639511606648
2025-01-12 11:00,0.05294584166851146
2025-01-12 12:00,0.588274985954532
2025-01-12 13:00,0.2965737268640636
2025-01-12 14:00,0.8950162735208913
2025-01-12 15:00,1.031326848914967
2025-01-12 16:00,2.2007710655768307
2025-01-12 17:00,1.2333935750099756
2025-01-12 18:00,5.022717943030823
2025-01-12 19:00,0.11691786458582465
2025-01-12 20:00,0.09950727090005795
2025-01-12 21:00,0.46017936418408967
2025-01-12 22:00,1.8525958099704356
2025-01-12 23:00,4.282956952346677
2025-01-13 00:00,1.3394347889555074
2025-01-13 01:00,1.0920355984809444
2025-01-13 02:00,1.9194439753204424
2025-01-13 03:00,1.1729651253507996
2025-01-13 04:00,2.3159263416939195
2025-01-13 05:00,1.534043945036388
2025-01-13 06:00,1.280842314627216
2025-01-13 07:00,0.5834680475259679
2025-01-13 08:00,1.0767366367871825
2025-01-13 09:00,0.6650545349301553
2025-01-13 10:00,0.0
2025-01-13 11:00,0.2586590802971822
2025-01-13 12:00,1.4161026541657387
2025-01-13 13:00,0.8842922570971542
2025-01-13 14:00,0.7785964730946309
2025-01-13 15:00,1.228427741674344
2025-01-13 16:00,1.6245060657215715
2025-01-13 17:00,7.031449728077592
2025-01-13 18:00,14.309511285716392
2025-01-13 19:00,22.61168276138971
2025-01-13 20:00,29.843329727330158
2025-01-13 21:00,31.76499246934091
2025-01-13 22:00,31.270211333999747
2025-01-13 23:00,30.027260018397158
2025-01-14 00:00,15.825845643205074
2025-01-14 01:00,17.1742783185503
2025-01-14 02:00,23.90339659516621
2025-01-14 03:00,24.275554182553684
2025-01-14 04:00,19.9900650707526
2025-01-14 05:00,11.405867546070915
2025-01-14 06:00,15.601128475492121
2025-01-14 07:00,20.18680585010596
2025-01-14 08:00,17.815464434704715
2025-01-14 09:00,10.537870520763477
2025-01-14 10:00,3.1403927361246295
2025-01-14 11:00,6.1863587881920665
2025-01-14 12:00,10.77116709148251
2025-01-14 13:00,16.905197014911657
2025-01-14 14:00,20.939093350703267
2025-01-14 15:00,21.40642761492441
2025-01-14 16:00,22.75426623065402
2025-01-14 17:00,28.732558995193628
2025-01-14 18:00,32.71684292338499
2025-01-14 19:00,26.02016792615987
2025-01-14 20:00,29.7139326478287
2025-01-14 21:00,41.63174697794119
2025-01-14 22:00,50.3922635529331
2025-01-14 23:00,41.4876748739692
2025-01-15 00:00,39.84308590687786
2025-01-15 01:00,47.36715538494191
2025-01-15 02:00,35.32213392354445
2025-01-15 03:00,39.081197339480525
2025-01-15 04:00,52.248284187500445
2025-01-15 05:00,53.344764310578704
2025-01-15 06:00,45.82301365857838
2025-01-15 07:00,42.29304498411669
2025-01-15 08:00,45.32247342051272
2025-01-15 09:00,41.12192940634002
2025-01-15 10:00,42.04252115657518
2025-01-15 11:00,47.27625458587562
2025-01-15 12:00,41.14692542879874
2025-01-15 13:00,39.53779182119583
2025-01-15 14:00,39.70095915504354
2025-01-15 15:00,39.9903091462503
2025-01-15 16:00,35.45788312456564
2025-01-15 17:00,39.31833373239231
2025-01-15 18:00,42.19868816459099
2025-01-15 19:00,38.9294307367569
2025-01-15 20:00,36.0603510245481
2025-01-15 21:00,33.62215837500357
2025-01-15 22:00,20.109650860831184
2025-01-15 23:00,11.028802821955678
2025-01-16 00:00,1.63990384388703
2025-01-16 01:00,3.045633333012894
2025-01-16 02:00,1.4046666584601886
2025-01-16 03:00,3.3441534706345397
2025-01-16 04:00,6.326533408316028
2025-01-16 05:00,8.896726196478255
2025-01-16 06:00,8.514113811583824
2025-01-16 07:00,8.368815753285421
2025-01-16 08:00,17.223288267418358
2025-01-16 09:00,7.8647283474629095
2025-01-16 10:00,6.116982068773465
2025-01-16 11:00,8.780925085739513
2025-01-16 12:00,11.792528589346132
2025-01-16 13:00,14.615292823060333
2025-01-16 14:00,16.686777390270983
2025-01-16 15:00,14.765453388818674
2025-01-16 16:00,11.458653146004398
2025-01-16 17:00,13.254818701540604
2025-01-16 18:00,12.213746981342807
2025-01-16 19:00,16.02277027118568
2025-01-16 20:00,19.63991086784171
2025-01-16 21:00,20.75834151881228
2025-01-16 22:00,19.61746088153676
2025-01-16 23:00,16.876175680290203
2025-01-17 00:00,7.47558655546957
2025-01-17 01:00,21.90477322800441
2025-01-17 02:00,25.912326383988407
2025-01-17 03:00,34.23964142497086
2025-01-17 04:00,20.28251031296255
2025-01-17 05:00,15.232948917313765
2025-01-17 06:00,5.230502822040055
2025-01-17 07:00,3.547578436906246
2025-01-17 08:00,3.3393369297197886
2025-01-17 09:00,0.9450379746301482
2025-01-17 10:00,0.4345938423069545
2025-01-17 11:00,0.3257113558112762
2025-01-17 12:00,4.031354581907496
2025-01-17 13:00,6.1343913943276585
2025-01-17 14:00,11.937353109993325
2025-01-17 15:00,14.516987954142632
2025-01-17 16:00,14.813428858188676
2025-01-17 17:00,11.549641035359837
2025-01-17 18:00,7.821399761323344
2025-01-17 19:00,12.870953142085675
2025-01-17 20:00,9.65625313395342
2025-01-17 21:00,14.368378827286948
2025-01-17 22:00,11.54840304657392
2025-01-17 23:00,11.325332661588934
2025-01-18 00:00,2.659162440668598
2025-01-18 01:00,2.072599324056842
2025-01-18 02:00,5.193451661085351
2025-01-18 03:00,9.14961835620484
2025-01-18 04:00,4.494018726871468
2025-01-18 05:00,2.2162354635850865
2025-01-18 06:00,2.095627012739835
2025-01-18 07:00,3.343712766131807
2025-01-18 08:00,2.443825851295984
2025-01-18 09:00,1.9756440570848781
2025-01-18 10:00,1.4217918155723372
2025-01-18 11:00,2.3462493752022597
2025-01-18 12:00,1.767430122550258
2025-01-18 13:00,1.4716696477174869
2025-01-18 14:00,1.6161166817523909
2025-01-18 15:00,2.1189808107599033
2025-01-18 16:00,2.338667002608129
2025-01-18 17:00,3.4711359897348384
2025-01-18 18:00,7.321258389627744
2025-01-18 19:00,6.197269947444741
2025-01-18 20:00,5.822915347357908
2025-01-18 21:00,7.439509708098829
2025-01-18 22:00,5.636150873035337
2025-01-18 23:00,3.4541317814721912
2025-01-19 00:00,1.778116910550857
2025-01-19 01:00,1.598222563575518
2025-01-19 02:00,0.9905199053662719
2025-01-19 03:00,0.9604692068557679
2025-01-19 04:00,0.6346932695209948
2025-01-19 05:00,1.642709019929829
2025-01-19 06:00,1.9204335553136669
2025-01-19 07:00,2.1297883309744936
2025-01-19 08:00,6.69089432749686
2025-01-19 09:00,3.7746602168654992
2025-01-19 10:00,4.0867228056514575
2025-01-19 11:00,5.675904599245336
2025-01-19 12:00,5.037295574771591
2025-01-19 13:00,4.821846669248384
2025-01-19 14:00,4.936546864143931
2025-01-19 15:00,4.745009207159288
2025-01-19 16:00,6.2480753493959
2025-01-19 17:00,7.187672587848717
2025-01-19 18:00,6.438575658787929
2025-01-19 19:00,7.315579179345795
2025-01-19 20:00,11.967732203640724
2025-01-19 21:00,12.402526390634348
2025-01-19 22:00,14.859323880219979
2025-01-19 23:00,16.68545616867144
2025-01-20 00:00,7.4331473778227455
2025-01-20 01:00,6.897923093690524
2025-01-20 02:00,12.589026701370871
2025-01-20 03:00,12.624007074472516
2025-01-20 04:00,11.377521246727555
2025-01-20 05:00,6.747129832136398
2025-01-20 06:00,13.191000757719483
2025-01-20 07:00,13.399781344886648
2025-01-20 08:00,12.579636578717617
2025-01-20 09:00,7.988533598337865
2025-01-20 10:00,7.327052667091664
2025-01-20 11:00,7.698304105906192
2025-01-20 12:00,7.747678490951336
2025-01-20 13:00,9.923254799046891
2025-01-20 14:00,7.541885093298854
2025-01-20 15:00,6.173885364672664
2025-01-20 16:00,7.0457012508270855
2025-01-20 17:00,7.468765349960858
2025-01-20 18:00,9.054240820219176
2025-01-20 19:00,9.137813779399798
2025-01-20 20:00,10.455322269377636
2025-01-20 21:00,12.12512925294894
2025-01-20 22:00,8.967804875978462
2025-01-20 23:00,7.14437306472005
2025-01-21 00:00,4.7064559886605295
2025-01-21 01:00,4.028690155015754
2025-01-21 02:00,5.5704560353964805
2025-01-21 03:00,5.832125153935325
2025-01-21 04:00,3.097871809167972
2025-01-21 05:00,3.363894655553863
2025-01-21 06:00,4.062949220868236
2025-01-21 07:00,3.031657304950107
2025-01-21 08:00,2.933274775712242
2025-01-21 09:00,2.7604591702187657
2025-01-21 10:00,3.6724222510482076
2025-01-21 11:00,2.9191901640911047
2025-01-21 12:00,2.0559509482501697
2025-01-21 13:00,2.44045994911023
2025-01-21 14:00,3.046148219034797
2025-01-21 15:00,4.959955791675652
2025-01-21 16:00,4.97244523661692
2025-01-21 17:00,3.4618488637190303
2025-01-21 18:00,2.0590911073026725
2025-01-21 19:00,2.170510748449848
2025-01-21 20:00,2.8313407284951024
2025-01-21 21:00,4.012284307844222
2025-01-21 22:00,4.971447134526258
2025-01-21 23:00,4.9650877719211755
2025-01-22 00:00,0.913486757570513
2025-01-22 01:00,1.2000277973127722
2025-01-22 02:00,0.9325719391931222
2025-01-22 03:00,1.4483094865238288
2025-01-22 04:00,5.389111535698548
2025-01-22 05:00,3.01272065984923
2025-01-22 06:00,3.1279121624936606
2025-01-22 07:00,2.3474232738866343
2025-01-22 08:00,3.4631866560911764
2025-01-22 09:00,3.9900027985107305
2025-01-22 10:00,3.3947856841665303
2025-01-22 11:00,4.903904480785381
2025-01-22 12:00,3.978101909016189
2025-01-22 13:00,4.532198023975683
2025-01-22 14:00,4.711470724732901
2025-01-22 15:00,5.573380871947884
2025-01-22 16:00,4.158510910777264
2025-01-22 17:00,3.943098038628333
2025-01-22 18:00,6.032609092751415
2025-01-22 19:00,4.412656920423367
2025-01-22 20:00,7.003282617435406
2025-01-22 21:00,5.946883001356124
2025-01-22 22:00,4.4861919328947835
2025-01-22 23:00,5.256973953308214
2025-01-23 00:00,2.2889424338217177
2025-01-23 01:00,10.39378434048218
2025-01-23 02:00,10.650401221453123
2025-01-23 03:00,11.933978143103246
2025-01-23 04:00,6.224765469920928
2025-01-23 05:00,3.5768529902753405
2025-01-23 06:00,3.984302831775198
2025-01-23 07:00,5.802101422429839
2025-01-23 08:00,1.7983443938818522
2025-01-23 09:00,1.5928047768470952
2025-01-23 10:00,2.5218176522441333
2025-01-23 11:00,2.0106200086948913
2025-01-23 12:00,1.837701767095907
2025-01-23 13:00,3.0003179278839576
2025-01-23 14:00,3.4873799748672307
2025-01-23 15:00,5.271429336648705
2025-01-23 16:00,8.01961242486562
2025-01-23 17:00,13.580443958287203
2025-01-23 18:00,8.89158990460539
2025-01-23 19:00,14.008250376884558
2025-01-23 20:00,12.248563712146964
2025-01-23 21:00,14.182450841674719
2025-01-23 22:00,16.022848195840552
2025-01-23 23:00,15.585025850885934
2025-01-24 00:00,12.76218059933531
2025-01-24 01:00,8.718613741704033
2025-01-24 02:00,7.052891450663633
2025-01-24 03:00,12.627971756825787
2025-01-24 04:00,15.876546014604891
2025-01-24 05:00,14.726205794276575
2025-01-24 06:00,13.612411636275429
2025-01-24 07:00,13.031217425387153
2025-01-24 08:00,12.142465297041431
2025-01-24 09:00,5.480786338953091
2025-01-24 10:00,5.054424624098873
2025-01-24 11:00,2.984003323958972
2025-01-24 12:00,5.29599880546917
2025-01-24 13:00,11.380965856050649
2025-01-24 14:00,8.791432459933766
2025-01-24 15:00,9.840274384085557
2025-01-24 16:00,11.494888555335663
2025-01-24 17:00,16.121267225486566
2025-01-24 18:00,16.087032540623547
2025-01-24 19:00,17.14932451252004
2025-01-24 20:00,13.57284228467556
2025-01-24 21:00,15.942714402808637
2025-01-24 22:00,15.699475276959916
2025-01-24 23:00,16.38649670629909
2025-01-25 00:00,11.736878536119715
2025-01-25 01:00,18.998905736222806
2025-01-25 02:00,22.389008587940687
2025-01-25 03:00,21.578112932057
2025-01-25 04:00,17.04759660657958
2025-01-25 05:00,13.625915963926767
2025-01-25 06:00,21.055565305583297
2025-01-25 07:00,18.156806575590902
2025-01-25 08:00,20.14260442005096
2025-01-25 09:00,15.913491955287915
2025-01-25 10:00,16.105064543668274
2025-01-25 11:00,9.955678761570788
2025-01-25 12:00,12.274390755882596
2025-01-25 13:00,10.693436017813076
2025-01-25 14:00,7.98274528283452
2025-01-25 15:00,9.150811090495576
2025-01-25 16:00,10.162293639296898
2025-01-25 17:00,8.139316893585534
2025-01-25 18:00,6.106605009477402
2025-01-25 19:00,8.112495871261773
2025-01-25 20:00,6.8828416256808405
2025-01-25 21:00,12.588072083252996
2025-01-25 22:00,7.04826006892996
2025-01-25 23:00,6.6361087681291275
2025-01-26 00:00,1.9301281484459478
2025-01-26 01:00,1.3173492363749917
2025-01-26 02:00,2.8087126362194557
2025-01-26 03:00,5.622814247345048
2025-01-26 04:00,13.638394311907911
2025-01-26 05:00,15.76233680475041
2025-01-26 06:00,17.65251356006722
2025-01-26 07:00,7.652971366068564
2025-01-26 08:00,2.7459682895029562
2025-01-26 09:00,3.2042741809057764
2025-01-26 10:00,2.5729438239588855
2025-01-26 11:00,0.3523147637866817
2025-01-26 12:00,0.91902960040143
2025-01-26 13:00,1.581390085927576
2025-01-26 14:00,1.2967366060338432
2025-01-26 15:00,1.1662885037598147
2025-01-26 16:00,1.1652860477411187
2025-01-26 17:00,0.825946259992532
2025-01-26 18:00,1.5433288897202562
2025-01-26 19:00,2.090325501858331
2025-01-26 20:00,1.8088718995272774
2025-01-26 21:00,1.7322869033942607
2025-01-26 22:00,2.1533992100944186
2025-01-26 23:00,3.7746293714435457
2025-01-27 00:00,3.1035056174631803
2025-01-27 01:00,6.355492628396464
2025-01-27 02:00,9.493568003064647
2025-01-27 03:00,4.6949689903613745
2025-01-27 04:00,9.934883056969255
2025-01-27 05:00,27.800412201153573
2025-01-27 06:00,33.80330414568213
2025-01-27 07:00,32.44340450964926
2025-01-27 08:00,38.65409395075628
2025-01-27 09:00,28.251940617095773
2025-01-27 10:00,42.97076835455687
2025-01-27 11:00,42.42133673839984
2025-01-27 12:00,35.003578172357656
2025-01-27 13:00,40.25437406159642
2025-01-27 14:00,34.77415091089501
2025-01-27 15:00,48.389719910439155
2025-01-27 16:00,50.27088216953489
2025-01-27 17:00,55.14098206615457
2025-01-27 18:00,51.05898642631908
2025-01-27 19:00,49.91839312257862
2025-01-27 20:00,53.763493105240194
2025-01-27 21:00,48.571777060116425
2025-01-27 22:00,52.438934334494526
2025-01-27 23:00,49.243268271998545
2025-01-28 00:00,46.46362013348218
2025-01-28 01:00,51.427844930247424
2025-01-28 02:00,52.92256531839317
2025-01-28 03:00,52.21655545349518
2025-01-28 04:00,54.31059705810154
2025-01-28 05:00,53.83224292025981
2025-01-28 06:00,52.12237484949495
2025-01-28 07:00,44.53218475089472
2025-01-28 08:00,49.08505331648179
2025-01-28 09:00,51.993373304432254
2025-01-28 10:00,50.72340152474137
2025-01-28 11:00,46.68998045025434
2025-01-28 12:00,46.55715351716772
2025-01-28 13:00,54.64551506858015
2025-01-28 14:00,54.14762952185694
2025-01-28 15:00,47.53411935644857
2025-01-28 16:00,51.96833812303773
2025-01-28 17:00,55.89627944565043
2025-01-28 18:00,54.11079655549218
2025-01-28 19:00,54.00896022835726
2025-01-28 20:00,56.41085202387026
2025-01-28 21:00,53.346213844162975
2025-01-28 22:00,53.188972512618314
2025-01-28 23:00,54.21148257601469
2025-01-29 00:00,46.31995017249247
2025-01-29 01:00,50.911529605978984
2025-01-29 02:00,44.38454043344275
2025-01-29 03:00,52.065982815075486
2025-01-29 04:00,50.47693261476601
2025-01-29 05:00,54.54021912282083
2025-01-29 06:00,45.97533545012207
2025-01-29 07:00,48.91069905292856
2025-01-29 08:00,40.15688013438689
2025-01-29 09:00,36.33154801057622
2025-01-29 10:00,41.679254500000894
2025-01-29 11:00,50.31043997600395
2025-01-29 12:00,46.19423220694479
2025-01-29 13:00,46.908483905180745
2025-01-29 14:00,49.678014037053494
2025-01-29 15:00,47.44037313471195
2025-01-29 16:00,46.60221407472013
2025-01-29 17:00,51.1913177856168
2025-01-29 18:00,47.795544740928776
2025-01-29 19:00,47.31562960119698
2025-01-29 20:00,44.4695892521306
2025-01-29 21:00,35.82010184290168
2025-01-29 22:00,28.623700006249656
2025-01-29 23:00,47.16722372177868
2025-01-30 00:00,24.318391175837405
2025-01-30 01:00,17.507168885286397
2025-01-30 02:00,17.566977315719434
2025-01-30 03:00,8.765898214914102
2025-01-30 04:00,5.278829820207806
2025-01-30 05:00,2.518923447740589
2025-01-30 06:00,8.857809062517871
2025-01-30 07:00,5.742134506035253
2025-01-30 08:00,4.759306735559009
2025-01-30 09:00,9.959257695399183
2025-01-30 10:00,3.2448061405849313
2025-01-30 11:00,3.0147478525925537
2025-01-30 12:00,2.4715805650968585
2025-01-30 13:00,1.2086062011216068
2025-01-30 14:00,1.8563585063035333
2025-01-30 15:00,0.6677155997272262
2025-01-30 16:00,0.9093789026840338
2025-01-30 17:00,3.0390628127246675
2025-01-30 18:00,6.818078690606628
2025-01-30 19:00,9.644542183382983
2025-01-30 20:00,6.899809200620389
2025-01-30 21:00,7.2202948476782876
2025-01-30 22:00,15.775483732518705
2025-01-30 23:00,17.183793252851686
2025-01-31 00:00,7.934253187909027
2025-01-31 01:00,5.620221650758243
2025-01-31 02:00,5.828200678555731
2025-01-31 03:00,7.95634652913589
2025-01-31 04:00,7.879531266060611
2025-01-31 05:00,9.481367478380214
2025-01-31 06:00,7.971149700806557
2025-01-31 07:00,8.077049233239764
2025-01-31 08:00,6.556858336101174
2025-01-31 09:00,2.631959850452076
2025-01-31 10:00,1.4045176511369817
2025-01-31 11:00,3.5086995779919627
2025-01-31 12:00,5.143606346673205
2025-01-31 13:00,10.68044902543061
2025-01-31 14:00,3.895039726100815
2025-01-31 15:00,2.7027766001704903
2025-01-31 16:00,3.97767254901415
2025-01-31 17:00,6.734921386138989
2025-01-31 18:00,5.073269008095094
2025-01-31 19:00,7.414384115079227
2025-01-31 20:00,6.456219804288521
2025-01-31 21:00,7.812124448434368
2025-01-31 22:00,6.086150465866914
2025-01-31 23:00,7.667777637188054
2025-02-01 00:00,8.237126363197682
2025-02-01 01:00,5.351598001847138
2025-02-01 02:00,5.312379221031133
2025-02-01 03:00,5.470923624710769
2025-02-01 04:00,4.575534104758264
2025-02-01 05:00,6.924581634944048
2025-02-01 06:00,10.838308495082819
2025-02-01 07:00,8.331023806176082
2025-02-01 08:00,7.1084869760734914
2025-02-01 09:00,5.602891485935018
2025-02-01 10:00,3.990255375910568
2025-02-01 11:00,4.39414055571633
2025-02-01 12:00,4.404727652799478
2025-02-01 13:00,4.579644234021065
2025-02-01 14:00,6.847359910262585
2025-02-01 15:00,5.564528683820072
2025-02-01 16:00,13.899590187173896
2025-02-01 17:00,16.866586962416044
2025-02-01 18:00,7.897271922122461
2025-02-01 19:00,13.73655889552381
2025-02-01 20:00,13.115646884311046
2025-02-01 21:00,11.619931089651644
2025-02-01 22:00,16.637241948669857
2025-02-01 23:00,16.00953391336232
2025-02-02 00:00,19.053937484900462
2025-02-02 01:00,15.691252502144838
2025-02-02 02:00,8.570877426469234
2025-02-02 03:00,8.950248023861292
2025-02-02 04:00,4.435261494919006
2025-02-02 05:00,5.922588388455271
2025-02-02 06:00,4.8602498495834645
2025-02-02 07:00,4.141201399527514
2025-02-02 08:00,4.053049116376359
2025-02-02 09:00,5.326368133584498
2025-02-02 10:00,3.944127546472485
2025-02-02 11:00,8.507865073594184
2025-02-02 12:00,4.131703870896331
2025-02-02 13:00,6.634913468325157
2025-02-02 14:00,8.299325313238068
2025-02-02 15:00,8.907014334236276
2025-02-02 16:00,14.302437793592226
2025-02-02 17:00,27.03668144504876
2025-02-02 18:00,32.42616576547724
2025-02-02 19:00,35.620230154002286
2025-02-02 20:00,24.856694122913098
2025-02-02 21:00,25.121748630536374
2025-02-02 22:00,23.9666056807616
2025-02-02 23:00,30.539514356086325
2025-02-03 00:00,24.991179284485625
2025-02-03 01:00,34.87366364518482
2025-02-03 02:00,38.56162410505608
2025-02-03 03:00,42.89415911651425
2025-02-03 04:00,53.6247620991189
2025-02-03 05:00,54.82183895924592
2025-02-03 06:00,55.5311218642261
2025-02-03 07:00,52.52597286882597
2025-02-03 08:00,51.95672747072204
2025-02-03 09:00,51.450123946858795
2025-02-03 10:00,51.04858814948187
2025-02-03 11:00,51.49301745061325
2025-02-03 12:00,52.66558936093318
2025-02-03 13:00,53.27067791349342
2025-02-03 14:00,54.22404474173399
2025-02-03 15:00,54.10234339075464
2025-02-03 16:00,54.5874195809354
2025-02-03 17:00,53.04218290732653
2025-02-03 18:00,53.37580176332022
2025-02-03 19:00,56.84829893017478
2025-02-03 20:00,55.451417285306185
2025-02-03 21:00,56.31893092341207
2025-02-03 22:00,54.99590042759727
2025-02-03 23:00,54.41615814821035
2025-02-04 00:00,52.77632988636055
2025-02-04 01:00,54.2942942245667
2025-02-04 02:00,52.8672609974039
2025-02-04 03:00,53.53645800229858
2025-02-04 04:00,53.44135668940304
2025-02-04 05:00,53.21396160144826
2025-02-04 06:00,52.18731924916527
2025-02-04 07:00,51.32115402811442
2025-02-04 08:00,51.189051757058735
2025-02-04 09:00,53.87893459303109
2025-02-04 10:00,51.842979175139085
2025-02-04 11:00,52.443633082393035
2025-02-04 12:00,51.26366154198676
2025-02-04 13:00,52.913748152733376
2025-02-04 14:00,52.42055236945251
2025-02-04 15:00,52.765885428833556
2025-02-04 16:00,52.69816335195739
2025-02-04 17:00,52.86157033878825
2025-02-04 18:00,53.297577857603194
2025-02-04 19:00,53.90142693304869
2025-02-04 20:00,51.62765761082388
2025-02-04 21:00,52.63798535441522
2025-02-04 22:00,52.59931747504399
2025-02-04 23:00,49.69798455790163
2025-02-05 00:00,52.855836687931706
2025-02-05 01:00,53.82381040944188
2025-02-05 02:00,53.009976738518894
2025-02-05 03:00,41.418707359022164
2025-02-05 04:00,53.4912906756873
2025-02-05 05:00,45.56935380378811
2025-02-05 06:00,38.73961621326659
2025-02-05 07:00,32.70670472437297
2025-02-05 08:00,20.517398844847087
2025-02-05 09:00,14.599252711522622
2025-02-05 10:00,23.275450989143533
2025-02-05 11:00,20.849634893922282
2025-02-05 12:00,13.688171399977461
2025-02-05 13:00,16.11107188148167
2025-02-05 14:00,29.85150598919615
2025-02-05 15:00,39.12822095466865
2025-02-05 16:00,39.73198442973712
2025-02-05 17:00,51.37621741996118
2025-02-05 18:00,52.149704125274475
2025-02-05 19:00,53.42516835729974
2025-02-05 20:00,50.06037565054592
2025-02-05 21:00,53.31051925006195
2025-02-05 22:00,52.01999641920609
2025-02-05 23:00,51.488409378559005
2025-02-06 00:00,50.174098231531325
2025-02-06 01:00,40.648268174780625
2025-02-06 02:00,40.74477085851914
2025-02-06 03:00,26.25542485047738
2025-02-06 04:00,25.193024194937163
2025-02-06 05:00,12.468290864321553
2025-02-06 06:00,8.446910462368013
2025-02-06 07:00,4.181077940973126
2025-02-06 08:00,7.819126779119701
2025-02-06 09:00,5.14360884002663
2025-02-06 10:00,7.36694126759461
2025-02-06 11:00,6.64495461284397
2025-02-06 12:00,13.444057125435187
2025-02-06 13:00,18.532235085150102
2025-02-06 14:00,25.878891220868724
2025-02-06 15:00,27.869466245511923
2025-02-06 16:00,20.018512684045287
2025-02-06 17:00,13.82202128615003
2025-02-06 18:00,41.18634202404916
2025-02-06 19:00,46.76596201307882
2025-02-06 20:00,44.742753990540066
2025-02-06 21:00,54.07375220125582
2025-02-06 22:00,52.60156346888204
2025-02-06 23:00,49.38775514674221
2025-02-07 00:00,12.887160824451756
2025-02-07 01:00,7.323786845933645
2025-02-07 02:00,10.577106158384439
2025-02-07 03:00,9.571325368361206
2025-02-07 04:00,7.39429738682141
2025-02-07 05:00,14.431992442053055
2025-02-07 06:00,19.343784307248175
2025-02-07 07:00,27.48301087292289
2025-02-07 08:00,39.113429163306236
2025-02-07 09:00,49.161310393380056
2025-02-07 10:00,48.886918776540675
2025-02-07 11:00,50.24331475460684
2025-02-07 12:00,50.702279445659805
2025-02-07 13:00,51.465513464488886
2025-02-07 14:00,51.16186883570032
2025-02-07 15:00,52.57043671759231
2025-02-07 16:00,50.466850740669685
2025-02-07 17:00,52.82215829009927
2025-02-07 18:00,51.09271138318895
2025-02-07 19:00,51.25510493970897
2025-02-07 20:00,50.35227811467123
2025-02-07 21:00,50.368370076328645
2025-02-07 22:00,50.74692203664574
2025-02-07 23:00,50.78452379058959
2025-02-08 00:00,52.24073142942864
2025-02-08 01:00,48.0631978773562
2025-02-08 02:00,49.54703312627455
2025-02-08 03:00,42.47291317479777
2025-02-08 04:00,47.668998127917405
2025-02-08 05:00,34.75970354524146
2025-02-08 06:00,24.69640139611451
2025-02-08 07:00,26.35514193578519
2025-02-08 08:00,42.87139369463767
2025-02-08 09:00,28.68008039696086
2025-02-08 10:00,32.93976405616534
2025-02-08 11:00,46.91272065869205
2025-02-08 12:00,50.47658327000421
2025-02-08 13:00,50.356734240577346
2025-02-08 14:00,49.04767388826633
2025-02-08 15:00,47.33536571930981
2025-02-08 16:00,47.548304071118494
2025-02-08 17:00,43.666482757225346
2025-02-08 18:00,32.385011150752405
2025-02-08 19:00,16.851912764258394
2025-02-08 20:00,3.876279622184868
2025-02-08 21:00,1.1508233963131138
2025-02-08 22:00,1.4321200266029317
2025-02-08 23:00,3.1125199082232777
2025-02-09 00:00,2.314728777876149
2025-02-09 01:00,0.05224358705472598
2025-02-09 02:00,1.6483032099722523
2025-02-09 03:00,1.4818024761347015
2025-02-09 04:00,0.5578725979492583
2025-02-09 05:00,0.48816359144515875
2025-02-09 06:00,1.2402633891476742
2025-02-09 07:00,0.9346617573073712
2025-02-09 08:00,0.969241070725785
2025-02-09 09:00,1.0871078989755905
2025-02-09 10:00,0.6338659041563783
2025-02-09 11:00,1.2920609374150378
2025-02-09 12:00,1.9873839533742346
2025-02-09 13:00,2.063422667918536
2025-02-09 14:00,5.231731648529168
2025-02-09 15:00,15.389027621502247
2025-02-09 16:00,23.131865524188637
2025-02-09 17:00,24.582355472847976
2025-02-09 18:00,23.81522441034283
2025-02-09 19:00,13.61802369661511
2025-02-09 20:00,22.977388798061533
2025-02-09 21:00,24.954989686167774
2025-02-09 22:00,15.684285330537662
2025-02-09 23:00,9.858289239688501
2025-02-10 00:00,16.72148356504698
2025-02-10 01:00,7.8506534032437205
2025-02-10 02:00,8.635784635990209
2025-02-10 03:00,8.775348416468397
2025-02-10 04:00,5.290787914225544
2025-02-10 05:00,1.8783595312439227
2025-02-10 06:00,0.3176382506893769
2025-02-10 07:00,3.4806842899950183
2025-02-10 08:00,0.16482962807969503
2025-02-10 09:00,1.552517160893181
2025-02-10 10:00,1.2620962397389324
2025-02-10 11:00,3.134983035752397
2025-02-10 12:00,1.7814309104723125
2025-02-10 13:00,4.714488005347705
2025-02-10 14:00,14.412203675325923
2025-02-10 15:00,20.350986728123132
2025-02-10 16:00,21.94651686234412
2025-02-10 17:00,20.59386255757024
2025-02-10 18:00,11.166813084329085
2025-02-10 19:00,6.6327510548150475
2025-02-10 20:00,7.1056812323627785
2025-02-10 21:00,0.0
2025-02-10 22:00,0.0
2025-02-10 23:00,0.0
2025-02-11 00:00,0.1504218471340497
2025-02-11 01:00,1.287797144587536
2025-02-11 02:00,1.1512395716422765
2025-02-11 03:00,2.4496996923388843
2025-02-11 04:00,2.237382802164183
2025-02-11 05:00,2.3270672044100684
2025-02-11 06:00,0.0
2025-02-11 07:00,0.3052286957866883
2025-02-11 08:00,0.8697804304184764
2025-02-11 09:00,2.339160188219913
2025-02-11 10:00,1.0504131949517816
2025-02-11 11:00,0.6444889137793441
2025-02-11 12:00,0.5406868723464651
2025-02-11 13:00,1.7423280122092004
2025-02-11 14:00,1.011653296529912
2025-02-11 15:00,1.2158422961845463
2025-02-11 16:00,3.2166293622890305
2025-02-11 17:00,2.2331802977027406
2025-02-11 18:00,3.1018996094744837
2025-02-11 19:00,3.3914965072378047
2025-02-11 20:00,1.5104807288895545
2025-02-11 21:00,4.0975398722435195
2025-02-11 22:00,9.137343129991963
2025-02-11 23:00,3.6768436220039327
2025-02-12 00:00,2.552335107848447
2025-02-12 01:00,3.1993871414220596
2025-02-12 02:00,1.48272360881007
2025-02-12 03:00,3.3799450568620175
2025-02-12 04:00,4.206272019957499
2025-02-12 05:00,2.2441416079926633
2025-02-12 06:00,5.485115922002012
2025-02-12 07:00,8.235072837521457
2025-02-12 08:00,2.177915579189022
2025-02-12 09:00,2.866198024984614
2025-02-12 10:00,2.074212400769978
2025-02-12 11:00,7.109224895670592
2025-02-12 12:00,4.270994642605479
2025-02-12 13:00,13.121943096258434
2025-02-12 14:00,15.405574804559688
2025-02-12 15:00,21.984703782305868
2025-02-12 16:00,34.05579518789948
2025-02-12 17:00,54.55156175022058
2025-02-12 18:00,53.48733554826148
2025-02-12 19:00,53.5503780044174
2025-02-12 20:00,53.264581027223706
2025-02-12 21:00,54.66803725306714
2025-02-12 22:00,55.43467313634813
2025-02-12 23:00,55.75157019049096
2025-02-13 00:00,53.3719464217664
2025-02-13 01:00,53.08504998236883
2025-02-13 02:00,52.24968924211148
2025-02-13 03:00,41.488810474526176
2025-02-13 04:00,19.45157151812115
2025-02-13 05:00,9.301106752705998
2025-02-13 06:00,3.472078521647129
2025-02-13 07:00,0.8619461140245877
2025-02-13 08:00,1.008611182682936
2025-02-13 09:00,1.398254093476078
2025-02-13 10:00,0.036998350840706795
2025-02-13 11:00,3.3059665583392692
2025-02-13 12:00,6.236635788953998
2025-02-13 13:00,9.974194518350567
2025-02-13 14:00,7.626319752487127
2025-02-13 15:00,8.592863786881777
2025-02-13 16:00,13.034508857096604
2025-02-13 17:00,11.874598023804051
2025-02-13 18:00,7.697552194542483
2025-02-13 19:00,8.453268827975982
2025-02-13 20:00,11.989430097251438
2025-02-13 21:00,12.872384349879102
2025-02-13 22:00,15.136772385689612
2025-02-13 23:00,10.83310015652966
2025-02-14 00:00,4.1704956751955375
2025-02-14 01:00,5.448986582012389
2025-02-14 02:00,11.522715550607787
2025-02-14 03:00,19.649738933045967
2025-02-14 04:00,8.757854905993193
2025-02-14 05:00,6.488665999263827
2025-02-14 06:00,3.9939758852695504
2025-02-14 07:00,3.766239340311729
2025-02-14 08:00,4.517066903611948
2025-02-14 09:00,2.7331734168501383
2025-02-14 10:00,3.7778727502887017
2025-02-14 11:00,3.1057767978501016
2025-02-14 12:00,2.8495845624925984
2025-02-14 13:00,2.5734832507381
2025-02-14 14:00,2.7411914779041107
2025-02-14 15:00,3.563517789691227
2025-02-14 16:00,4.330808649804329
2025-02-14 17:00,5.180992231689494
2025-02-14 18:00,2.177465547083694
2025-02-14 19:00,2.5325885325260504
2025-02-14 20:00,1.4239818473238182
2025-02-14 21:00,7.960522917418622
2025-02-14 22:00,4.637977511226417
2025-02-14 23:00,8.029893146658736
2025-02-15 00:00,1.8931247942113187
2025-02-15 01:00,2.2321059615209995
2025-02-15 02:00,1.0715633074114628
2025-02-15 03:00,0.2798056782169387
2025-02-15 04:00,1.0307243801995374
2025-02-15 05:00,0.8503663760674587
2025-02-15 06:00,2.7271255522145483
2025-02-15 07:00,5.338639988564207
2025-02-15 08:00,1.8402812332556406
2025-02-15 09:00,2.4112291460277833
2025-02-15 10:00,1.5634898206648336
2025-02-15 11:00,0.7397690239324191
2025-02-15 12:00,0.7708674646710276
2025-02-15 13:00,1.8000376197742871
2025-02-15 14:00,5.53826373570288
2025-02-15 15:00,5.9266085368305434
2025-02-15 16:00,5.2687410060032
2025-02-15 17:00,11.27739463792306
2025-02-15 18:00,7.5493739930363475
2025-02-15 19:00,3.2518394514345514
2025-02-15 20:00,3.2931549637794135
2025-02-15 21:00,3.0586972002279875
2025-02-15 22:00,3.2027684668803644
2025-02-15 23:00,3.196549351701874
2025-02-16 00:00,1.8568734561789646
2025-02-16 01:00,0.9950243809495531
2025-02-16 02:00,2.454165061014376
2025-02-16 03:00,2.4641852112270906
2025-02-16 04:00,1.8579989858285635
2025-02-16 05:00,2.365354190897046
2025-02-16 06:00,2.13955558732493
2025-02-16 07:00,2.980384288214522
2025-02-16 08:00,1.8792122677538847
2025-02-16 09:00,2.3408981006504845
2025-02-16 10:00,2.3957229101895474
2025-02-16 11:00,7.747823766084903
2025-02-16 12:00,6.285699808423662
2025-02-16 13:00,6.586461583672013
2025-02-16 14:00,13.054034480036528
2025-02-16 15:00,19.358112959705434
2025-02-16 16:00,18.1301653290686
2025-02-16 17:00,18.193749394910913
2025-02-16 18:00,16.60078166612284
2025-02-16 19:00,18.483332487087463
2025-02-16 20:00,42.015270811226955
2025-02-16 21:00,50.1027451669464
2025-02-16 22:00,49.58791868533892
2025-02-16 23:00,50.014347570557184
2025-02-17 00:00,54.68119388597342
2025-02-17 01:00,54.74810356397618
2025-02-17 02:00,54.36191156914591
2025-02-17 03:00,53.19581853104186
2025-02-17 04:00,50.687711148979616
2025-02-17 05:00,50.45097103435184
2025-02-17 06:00,50.847370357005836
2025-02-17 07:00,46.14831354093208
2025-02-17 08:00,48.42614875644871
2025-02-17 09:00,46.1156511765775
2025-02-17 10:00,46.192657253736876
2025-02-17 11:00,50.90285001274173
2025-02-17 12:00,45.06591985972739
2025-02-17 13:00,41.74553701776963
2025-02-17 14:00,44.54714901903545
2025-02-17 15:00,42.0825624122975
2025-02-17 16:00,43.16743278965771
2025-02-17 17:00,48.14536822471212
2025-02-17 18:00,49.05912624471228
2025-02-17 19:00,50.0230076184629
2025-02-17 20:00,50.433121525016944
2025-02-17 21:00,47.029113679467265
2025-02-17 22:00,46.87450200890312
2025-02-17 23:00,44.70219218324495
2025-02-18 00:00,46.046692499108985
2025-02-18 01:00,40.779691111347375
2025-02-18 02:00,44.647424629897436
2025-02-18 03:00,41.98786352310505
2025-02-18 04:00,44.647428448709555
2025-02-18 05:00,48.51442755980122
2025-02-18 06:00,40.28458330285969
2025-02-18 07:00,38.01210768398307
2025-02-18 08:00,35.07935036787752
2025-02-18 09:00,36.36507243831353
2025-02-18 10:00,45.27691186369073
2025-02-18 11:00,44.234728484989006
2025-02-18 12:00,40.856257431507345
2025-02-18 13:00,39.63341432159327
2025-02-18 14:00,42.17988642410509
2025-02-18 15:00,43.738904432106274
2025-02-18 16:00,43.032893407183764
2025-02-18 17:00,48.7087867772656
2025-02-18 18:00,49.33307033302686
2025-02-18 19:00,48.7355953032391
2025-02-18 20:00,51.224131464376185
2025-02-18 21:00,50.4100645614605
2025-02-18 22:00,50.18608442003173
2025-02-18 23:00,48.83244037367567
2025-02-19 00:00,41.064239019370405
2025-02-19 01:00,42.01646190311856
2025-02-19 02:00,35.11759850320873
2025-02-19 03:00,32.59980934462337
2025-02-19 04:00,29.2676068738319
2025-02-19 05:00,36.17841487102996
2025-02-19 06:00,42.962572912889335
2025-02-19 07:00,44.81968624091149
2025-02-19 08:00,46.08191808449286
2025-02-19 09:00,47.88408766651653
2025-02-19 10:00,45.60548051477825
2025-02-19 11:00,44.76040161411231
2025-02-19 12:00,44.66798582386528
2025-02-19 13:00,41.374264153451826
2025-02-19 14:00,39.81295823692981
2025-02-19 15:00,38.373700595614224
2025-02-19 16:00,44.38397519630033
2025-02-19 17:00,48.595060699289235
2025-02-19 18:00,48.98631775101982
2025-02-19 19:00,45.26914052882181
2025-02-19 20:00,45.54859624816333
2025-02-19 21:00,44.542351768122685
2025-02-19 22:00,39.174432727191274
2025-02-19 23:00,42.14716760170797
2025-02-20 00:00,25.90936543051604
2025-02-20 01:00,19.064815986899223
2025-02-20 02:00,16.46797093176839
2025-02-20 03:00,16.879187084817524
2025-02-20 04:00,17.901959328744187
2025-02-20 05:00,20.21383541018363
2025-02-20 06:00,10.476837315472105
2025-02-20 07:00,5.217956385167698
2025-02-20 08:00,4.719722740296327
2025-02-20 09:00,10.926581291953815
2025-02-20 10:00,14.224443557736908
2025-02-20 11:00,33.50109702023985
2025-02-20 12:00,34.35270532461895
2025-02-20 13:00,35.23443731980092
2025-02-20 14:00,41.30840002262057
2025-02-20 15:00,40.4685854857344
2025-02-20 16:00,40.71299425544015
2025-02-20 17:00,44.028064061995615
2025-02-20 18:00,45.755347464017774
2025-02-20 19:00,47.187102072862494
2025-02-20 20:00,46.37441933484318
2025-02-20 21:00,49.79275743680214
2025-02-20 22:00,48.39607582776979
2025-02-20 23:00,50.52048384091798
2025-02-21 00:00,45.774032987016874
2025-02-21 01:00,45.686400097120405
2025-02-21 02:00,33.58161298702263
2025-02-21 03:00,25.079858475199217
2025-02-21 04:00,23.698918364231336
2025-02-21 05:00,18.333239178291098
2025-02-21 06:00,12.127116957112527
2025-02-21 07:00,15.545225330693796
2025-02-21 08:00,17.165256349155037
2025-02-21 09:00,17.578791212703408
2025-02-21 10:00,18.727515090138347
2025-02-21 11:00,12.91758784799714
2025-02-21 12:00,24.654182570057362
2025-02-21 13:00,31.075783949095367
2025-02-21 14:00,34.16807066841705
2025-02-21 15:00,34.63280891276033
2025-02-21 16:00,37.64329364295922
2025-02-21 17:00,44.820748893997404
2025-02-21 18:00,46.443183045618504
2025-02-21 19:00,45.137283198968994
2025-02-21 20:00,44.868527308914175
2025-02-21 21:00,36.831987087223126
2025-02-21 22:00,34.62939482708596
2025-02-21 23:00,36.52604472585986
2025-02-22 00:00,27.60022600868937
2025-02-22 01:00,20.40013533879363
2025-02-22 02:00,21.00231586698936
2025-02-22 03:00,52.670822834653606
2025-02-22 04:00,53.64398345798167
2025-02-22 05:00,51.58370381361707
2025-02-22 06:00,47.68148883672355
2025-02-22 07:00,33.79368225662571
2025-02-22 08:00,29.161997856210753
2025-02-22 09:00,31.305376160121206
2025-02-22 10:00,25.938605456751162
2025-02-22 11:00,25.029708035321335
2025-02-22 12:00,26.69217238140293
2025-02-22 13:00,34.62458305662714
2025-02-22 14:00,37.3895810117483
2025-02-22 15:00,38.898158353557484
2025-02-22 16:00,38.65027281882327
2025-02-22 17:00,44.114663768875275
2025-02-22 18:00,40.48393668297046
2025-02-22 19:00,36.46736357148226
2025-02-22 20:00,42.3596495430146
2025-02-22 21:00,36.844109100951606
2025-02-22 22:00,40.99596018832946
2025-02-22 23:00,41.03655477764369
2025-02-23 00:00,33.142361642980305
2025-02-23 01:00,35.56894223832916
2025-02-23 02:00,34.95745630470681
2025-02-23 03:00,25.44381633526995
2025-02-23 04:00,10.90360672955499
2025-02-23 05:00,6.827143578655201
2025-02-23 06:00,2.8733511588877736
2025-02-23 07:00,16.43620290807634
2025-02-23 08:00,34.888784806780585
2025-02-23 09:00,45.9923882856394
2025-02-23 10:00,43.63610684238921
2025-02-23 11:00,43.484701009629944
2025-02-23 12:00,48.443053465331246
2025-02-23 13:00,47.56412911302043
2025-02-23 14:00,49.01761411858804
2025-02-23 15:00,48.65863227687366
2025-02-23 16:00,49.65639303431527
2025-02-23 17:00,51.42498904723361
2025-02-23 18:00,48.93216807331633
2025-02-23 19:00,50.64412842616467
2025-02-23 20:00,50.866132669008785
2025-02-23 21:00,50.93109353266341
2025-02-23 22:00,50.77522763677172
2025-02-23 23:00,51.35021320039156
2025-02-24 00:00,50.70298737208294
2025-02-24 01:00,48.45102312014233
2025-02-24 02:00,41.06632883654502
2025-02-24 03:00,39.313601234115175
2025-02-24 04:00,32.59015873352749
2025-02-24 05:00,16.166600558534437
2025-02-24 06:00,16.596646740297686
2025-02-24 07:00,3.7282318920083295
2025-02-24 08:00,8.747738168779975
2025-02-24 09:00,6.036066476866717
2025-02-24 10:00,20.45325830759103
2025-02-24 11:00,32.42129878362497
2025-02-24 12:00,24.078575276192712
2025-02-24 13:00,21.621745397147933
2025-02-24 14:00,16.97159040931707
2025-02-24 15:00,13.639835579470244
2025-02-24 16:00,18.115399086317943
2025-02-24 17:00,27.493947781293382
2025-02-24 18:00,26.18779254535162
2025-02-24 19:00,19.4979374555903
2025-02-24 20:00,21.42403014922557
2025-02-24 21:00,10.688101208406998
2025-02-24 22:00,0.25246155791466407
2025-02-24 23:00,0.0
2025-02-25 00:00,0.0
2025-02-25 01:00,0.0
2025-02-25 02:00,1.1879377002820668
2025-02-25 03:00,1.4223933219785794
2025-02-25 04:00,4.4423954944078545
2025-02-25 05:00,0.7089926197763834
2025-02-25 06:00,0.6548663195526156
2025-02-25 07:00,0.6442618844561281
2025-02-25 08:00,0.4849508355350136
2025-02-25 09:00,0.0
2025-02-25 10:00,0.0
2025-02-25 11:00,0.9314618295508384
2025-02-25 12:00,4.742787021639512
2025-02-25 13:00,5.763085302246949
2025-02-25 14:00,7.289220324986813
2025-02-25 15:00,9.058824921105018
2025-02-25 16:00,11.351238635234123
2025-02-25 17:00,19.610397166373506
2025-02-25 18:00,13.69194500818147
2025-02-25 19:00,9.301526303160056
2025-02-25 20:00,16.46775489354165
2025-02-25 21:00,15.086743135086744
2025-02-25 22:00,15.466639896603775
2025-02-25 23:00,15.043645893942513
2025-02-26 00:00,10.841379769227311
2025-02-26 01:00,8.41330228216956
2025-02-26 02:00,16.79459931199318
2025-02-26 03:00,16.733139967186272
2025-02-26 04:00,21.756371094962564
2025-02-26 05:00,23.224846536397084
2025-02-26 06:00,14.88740951437467
2025-02-26 07:00,17.627802851094597
2025-02-26 08:00,14.034384429779532
2025-02-26 09:00,20.67192090543551
2025-02-26 10:00,12.338456787416213
2025-02-26 11:00,13.220042798232983
2025-02-26 12:00,14.053693045729013
2025-02-26 13:00,10.066698849694731
2025-02-26 14:00,8.12283001160535
2025-02-26 15:00,5.905289949178919
2025-02-26 16:00,5.398783821519395
2025-02-26 17:00,0.0
2025-02-26 18:00,3.525461390274163
2025-02-26 19:00,4.197063562087686
2025-02-26 20:00,4.333885489722634
2025-02-26 21:00,2.9191682031337702
2025-02-26 22:00,2.7304558220047186
2025-02-26 23:00,1.4573029760884033
2025-02-27 00:00,0.0
2025-02-27 01:00,0.0
2025-02-27 02:00,0.9514118852993689
2025-02-27 03:00,1.1858572125288946
2025-02-27 04:00,0.0
2025-02-27 05:00,0.0
2025-02-27 06:00,0.587913713176244
2025-02-27 07:00,1.328092488771216
2025-02-27 08:00,1.944643550872668
2025-02-27 09:00,2.6868737695369154
2025-02-27 10:00,0.30278131773159433
2025-02-27 11:00,1.0823302515381539
2025-02-27 12:00,6.8213356672164105
2025-02-27 13:00,8.217431350420727
2025-02-27 14:00,5.350538129203525
2025-02-27 15:00,5.854639876552616
2025-02-27 16:00,11.373023438973632
2025-02-27 17:00,12.900366732072857
2025-02-27 18:00,9.70040966176066
2025-02-27 19:00,15.53733096623169
2025-02-27 20:00,9.217518332613237
2025-02-27 21:00,11.081966997153541
2025-02-27 22:00,5.426085473645556
2025-02-27 23:00,4.404476689224721
2025-02-28 00:00,6.455984148806375
2025-02-28 01:00,4.443523856258208
2025-02-28 02:00,3.410121483475428
2025-02-28 03:00,5.326453335443506
2025-02-28 04:00,5.932323242660461
2025-02-28 05:00,4.123089839704139
2025-02-28 06:00,1.9185727845151757
2025-02-28 07:00,1.8051643926818375
2025-02-28 08:00,1.811836045224633
2025-02-28 09:00,0.9265532360292452
2025-02-28 10:00,0.7409796415969254
2025-02-28 11:00,0.4688370960736026
2025-02-28 12:00,0.8676807770325408
2025-02-28 13:00,1.3795277265149715
2025-02-28 14:00,0.5551575678830362
2025-02-28 15:00,0.48946351654817644
2025-02-28 16:00,0.7523373216245391
2025-02-28 17:00,1.2938118597955903
2025-02-28 18:00,0.7060357752591966
2025-02-28 19:00,0.9644674448606032
2025-02-28 20:00,0.7394627889568401
2025-02-28 21:00,1.7046493620471543
2025-02-28 22:00,0.8963161271633417
2025-02-28 23:00,5.53095868178589
2025-03-01 00:00,0.956637784417147
2025-03-01 01:00,6.8164914451000564
2025-03-01 02:00,6.219632201761932
2025-03-01 03:00,6.236545381895452
2025-03-01 04:00,6.017435506160025
2025-03-01 05:00,2.25319388148075
2025-03-01 06:00,0.6607568834930291
2025-03-01 07:00,0.5155364581180677
2025-03-01 08:00,3.940729676121135
2025-03-01 09:00,1.5168860675868183
2025-03-01 10:00,0.23672284603236227
2025-03-01 11:00,0.1625780007366263
2025-03-01 12:00,2.070660621349519
2025-03-01 13:00,0.15704278764303364
2025-03-01 14:00,0.39705216574915053
2025-03-01 15:00,8.64523031788415
2025-03-01 16:00,5.1281305172516465
2025-03-01 17:00,3.758914781695342
2025-03-01 18:00,3.6111692031661056
2025-03-01 19:00,5.2458145968636725
2025-03-01 20:00,9.421119013245654
2025-03-01 21:00,16.541869729139314
2025-03-01 22:00,19.372669644771484
2025-03-01 23:00,19.795937814488582
2025-03-02 00:00,6.15317767761408
2025-03-02 01:00,3.8602329465572582
2025-03-02 02:00,10.289677727145534
2025-03-02 03:00,3.5551073672612254
2025-03-02 04:00,2.7266135140865604
2025-03-02 05:00,2.290668298775997
2025-03-02 06:00,6.410841315816549
2025-03-02 07:00,12.88975751873016
2025-03-02 08:00,14.429469160671811
2025-03-02 09:00,6.870413196503039
2025-03-02 10:00,0.6198206865709375
2025-03-02 11:00,0.9233679322370604
2025-03-02 12:00,1.7892263170129992
2025-03-02 13:00,4.42227546401653
2025-03-02 14:00,6.399294482875306
2025-03-02 15:00,6.629861084164321
2025-03-02 16:00,4.826777616558608
2025-03-02 17:00,6.2764919263469
2025-03-02 18:00,18.060174517091426
2025-03-02 19:00,31.70880625297856
2025-03-02 20:00,44.506962013108755
2025-03-02 21:00,44.83891060787703
2025-03-02 22:00,38.83833135491915
2025-03-02 23:00,48.88006466710294
2025-03-03 00:00,51.59532093589434
2025-03-03 01:00,54.060098064216874
2025-03-03 02:00,48.639363552491446
2025-03-03 03:00,49.78214922261797
2025-03-03 04:00,49.68356633151497
2025-03-03 05:00,50.035384805143856
2025-03-03 06:00,49.913008189556884
2025-03-03 07:00,49.75307109844454
2025-03-03 08:00,38.528590568434
2025-03-03 09:00,47.66003850138625
2025-03-03 10:00,40.62267270499551
2025-03-03 11:00,25.926135319323663
2025-03-03 12:00,30.321634181702525
2025-03-03 13:00,30.768165257041023
2025-03-03 14:00,18.651492631607482
2025-03-03 15:00,16.507270182023518
2025-03-03 16:00,24.71348360860911
2025-03-03 17:00,26.340633805269803
2025-03-03 18:00,23.70484923939999
2025-03-03 19:00,22.81159945076195
2025-03-03 20:00,28.877960387402542
2025-03-03 21:00,20.618191949328395
2025-03-03 22:00,19.19250153055785
2025-03-03 23:00,21.443223029682564
2025-03-04 00:00,17.8272365764901
2025-03-04 01:00,16.96868535489861
2025-03-04 02:00,22.132901789825805
2025-03-04 03:00,28.69393843900237
2025-03-04 04:00,36.48771303086936
2025-03-04 05:00,26.754535611138913
2025-03-04 06:00,31.980639603267598
2025-03-04 07:00,24.624411968936577
2025-03-04 08:00,29.12255525601858
2025-03-04 09:00,25.923746168034224
2025-03-04 10:00,18.589886801474602
2025-03-04 11:00,19.060989293645317
2025-03-04 12:00,27.926845794588527
2025-03-04 13:00,27.097116962713837
2025-03-04 14:00,22.465557633051233
2025-03-04 15:00,19.29925750742648
2025-03-04 16:00,29.903704472082463
2025-03-04 17:00,26.00367052527212
2025-03-04 18:00,33.126447976249906
2025-03-04 19:00,26.0669748738078
2025-03-04 20:00,32.769381741213046
2025-03-04 21:00,33.527830054027945
2025-03-04 22:00,27.801503977997708
2025-03-04 23:00,21.20417524772613
2025-03-05 00:00,13.035335146882996
2025-03-05 01:00,18.231350882725803
2025-03-05 02:00,17.828981028230157
2025-03-05 03:00,20.54905939854303
2025-03-05 04:00,18.5485848344872
2025-03-05 05:00,12.022022776870159
2025-03-05 06:00,8.704450404055478
2025-03-05 07:00,13.637598744830223
2025-03-05 08:00,12.270008937252381
2025-03-05 09:00,12.44068620238164
2025-03-05 10:00,9.375460142817728
2025-03-05 11:00,7.702524959810623
2025-03-05 12:00,2.088011747029844
2025-03-05 13:00,3.9646989822055185
2025-03-05 14:00,10.82904149374769
2025-03-05 15:00,13.92842017764075
2025-03-05 16:00,6.565445072777116
2025-03-05 17:00,10.75123746775015
2025-03-05 18:00,10.079379765311844
2025-03-05 19:00,22.052587109730126
2025-03-05 20:00,17.85569988138157
2025-03-05 21:00,24.57978207347394
2025-03-05 22:00,22.151200542623027
2025-03-05 23:00,24.87211133176516
2025-03-06 00:00,27.631226461975245
2025-03-06 01:00,23.640239296862685
2025-03-06 02:00,20.399005818231334
2025-03-06 03:00,18.70736834990114
2025-03-06 04:00,15.780771657833371
2025-03-06 05:00,15.163034887983793
2025-03-06 06:00,12.285923997567135
2025-03-06 07:00,11.072167177275107
2025-03-06 08:00,4.781748467893244
2025-03-06 09:00,7.763657438044666
2025-03-06 10:00,3.875402986504998
2025-03-06 11:00,20.69378004697097
2025-03-06 12:00,22.881694253520045
2025-03-06 13:00,21.018088639256874
2025-03-06 14:00,23.795071688827697
2025-03-06 15:00,26.115350520040295
2025-03-06 16:00,32.06636469503044
2025-03-06 17:00,38.40550921842668
2025-03-06 18:00,36.01119882119845
2025-03-06 19:00,23.478386774395133
2025-03-06 20:00,16.687236233337494
2025-03-06 21:00,5.549968562755932
2025-03-06 22:00,6.0479221948910125
2025-03-06 23:00,3.796788352564464
2025-03-07 00:00,7.3972310125879845
2025-03-07 01:00,3.1819765352186202
2025-03-07 02:00,4.095448131494097
2025-03-07 03:00,2.0198930089942673
2025-03-07 04:00,0.0
2025-03-07 05:00,0.4809035158176518
2025-03-07 06:00,0.0
2025-03-07 07:00,0.0
2025-03-07 08:00,0.0
2025-03-07 09:00,0.11275398450124074
2025-03-07 10:00,0.4380158148817082
2025-03-07 11:00,0.2331934171755765
2025-03-07 12:00,0.16589765621595282
2025-03-07 13:00,0.0
2025-03-07 14:00,0.023977532185219853
2025-03-07 15:00,3.9273088541779186
2025-03-07 16:00,4.951253127498052
2025-03-07 17:00,6.367351204010324
2025-03-07 18:00,6.826200770258069
2025-03-07 19:00,13.174587086311993
2025-03-07 20:00,5.449248472386502
2025-03-07 21:00,3.3778047408450567
2025-03-07 22:00,0.6789672561291717
2025-03-07 23:00,0.2153489437285856
2025-03-08 00:00,0.583729161619511
2025-03-08 01:00,0.0
2025-03-08 02:00,0.5696810209451062
2025-03-08 03:00,0.4706028437535974
2025-03-08 04:00,0.0
2025-03-08 05:00,2.7794315552416107
2025-03-08 06:00,2.8216887769115946
2025-03-08 07:00,1.5073859562557415
2025-03-08 08:00,2.857734219461149
2025-03-08 09:00,2.0716718941692998
2025-03-08 10:00,0.22326218087334326
2025-03-08 11:00,0.22706737802579835
2025-03-08 12:00,0.0
2025-03-08 13:00,0.06271834217088756
2025-03-08 14:00,0.07083248038100687
2025-03-08 15:00,4.428652683556936
2025-03-08 16:00,4.7343609660125825
2025-03-08 17:00,2.9909157269429283
2025-03-08 18:00,3.8361815872515352
2025-03-08 19:00,2.4688780985383225
2025-03-08 20:00,4.459975514814863
2025-03-08 21:00,2.8933057341807467
2025-03-08 22:00,1.2353471205824167
2025-03-08 23:00,0.0
2025-03-09 00:00,0.17413462370939348
2025-03-09 01:00,0.005252557619198406
2025-03-09 02:00,0.0
2025-03-09 03:00,0.0
2025-03-09 04:00,0.0
2025-03-09 05:00,0.0
2025-03-09 06:00,0.0
2025-03-09 07:00,0.0
2025-03-09 08:00,0.12937895217733786
2025-03-09 09:00,0.325382455530699
2025-03-09 10:00,0.19827851339727598
2025-03-09 11:00,0.05321581025585159
2025-03-09 12:00,1.1274720964403504
2025-03-09 13:00,1.7199336603989797
2025-03-09 14:00,3.2864937188475984
2025-03-09 15:00,3.242447038085818
2025-03-09 16:00,0.6157873286766592
2025-03-09 17:00,2.161952658236954
2025-03-09 18:00,5.083913521487448
2025-03-09 19:00,6.887702396095178
2025-03-09 20:00,3.5995788320070017
2025-03-09 21:00,1.9602611312012561
2025-03-09 22:00,5.3542847010657235
2025-03-09 23:00,4.166661980763309
2025-03-10 00:00,0.0
2025-03-10 01:00,2.27389745740032
2025-03-10 02:00,0.0
2025-03-10 03:00,1.0297926425398227
2025-03-10 04:00,2.5745109903780588
2025-03-10 05:00,0.0
2025-03-10 06:00,1.1557269437511648
2025-03-10 07:00,3.8239066221432934
2025-03-10 08:00,0.07207441449721985
2025-03-10 09:00,0.9734420796815544
2025-03-10 10:00,0.9797803255332102
2025-03-10 11:00,6.989994452387912
2025-03-10 12:00,3.984105954580623
2025-03-10 13:00,1.026883440866506
2025-03-10 14:00,0.33079308272871893
2025-03-10 15:00,0.9630138493964518
2025-03-10 16:00,1.2938332816648856
2025-03-10 17:00,6.590020671829125
2025-03-10 18:00,7.145014009227457
2025-03-10 19:00,0.0
2025-03-10 20:00,1.8393640278432954
2025-03-10 21:00,0.08773969144800109
2025-03-10 22:00,0.7913931513385524
2025-03-10 23:00,0.5345496700248241
2025-03-11 00:00,0.7203045571333517
2025-03-11 01:00,0.942179398407885
2025-03-11 02:00,1.9418244638845223
2025-03-11 03:00,1.9381972635544953
2025-03-11 04:00,0.8871688483894868
2025-03-11 05:00,4.0500145516131045
2025-03-11 06:00,9.02797696920866
2025-03-11 07:00,5.334646359421793
2025-03-11 08:00,1.0621661598195429
2025-03-11 09:00,0.6404163259957936
2025-03-11 10:00,0.166675526554944
2025-03-11 11:00,0.35308442729875655
2025-03-11 12:00,0.34847125779074284
2025-03-11 13:00,0.0
2025-03-11 14:00,0.0
2025-03-11 15:00,0.1676436090847137
2025-03-11 16:00,0.0
2025-03-11 17:00,2.4205034418454057
2025-03-11 18:00,6.7727535793499545
2025-03-11 19:00,6.437178958185481
2025-03-11 20:00,5.870852311133857
2025-03-11 21:00,5.940957555448458
2025-03-11 22:00,4.067944421427943
2025-03-11 23:00,3.2225426181950985
2025-03-12 00:00,1.9698080937721696
2025-03-12 01:00,6.179708281484877
2025-03-12 02:00,6.465376858293734
2025-03-12 03:00,7.585046661468669
2025-03-12 04:00,8.134143130998602
2025-03-12 05:00,4.331379158789544
2025-03-12 06:00,0.16231563737461174
2025-03-12 07:00,4.5512570714134055
2025-03-12 08:00,4.376134383596921
2025-03-12 09:00,6.619107378489422
2025-03-12 10:00,0.8021255229271727
2025-03-12 11:00,0.2612604647029162
2025-03-12 12:00,1.3335906775917954
2025-03-12 13:00,7.801065623453253
2025-03-12 14:00,3.1803690801701974
2025-03-12 15:00,3.4317697934039173
2025-03-12 16:00,3.1621676878742404
2025-03-12 17:00,3.2538684558049895
2025-03-12 18:00,2.4275024879404286
2025-03-12 19:00,5.052025222091256
2025-03-12 20:00,12.508943336658634
2025-03-12 21:00,7.156610133426893
2025-03-12 22:00,0.9532326000450744
2025-03-12 23:00,7.5615798392727696
2025-03-13 00:00,9.7612245740995
2025-03-13 01:00,9.47787738273114
2025-03-13 02:00,10.321695151219524
2025-03-13 03:00,9.188096379187312
2025-03-13 04:00,11.335565675455623
2025-03-13 05:00,10.445367408761223
2025-03-13 06:00,13.905134667190868
2025-03-13 07:00,11.118634661268308
2025-03-13 08:00,5.742925287161794
2025-03-13 09:00,3.695092439471029
2025-03-13 10:00,11.87087911106132
2025-03-13 11:00,16.996539798679347
2025-03-13 12:00,11.830454599489535
2025-03-13 13:00,20.722590792285658
2025-03-13 14:00,24.40605727266771
2025-03-13 15:00,25.016994263274945
2025-03-13 16:00,30.527584896191975
2025-03-13 17:00,41.213686760244876
2025-03-13 18:00,37.060352849878
2025-03-13 19:00,24.049957416966905
2025-03-13 20:00,23.338946063558375
2025-03-13 21:00,28.460471201774315
2025-03-13 22:00,25.8595397847759
2025-03-13 23:00,12.529066064632325
2025-03-14 00:00,10.656269149010814
2025-03-14 01:00,8.644376921165811
2025-03-14 02:00,10.621287300704797
2025-03-14 03:00,15.151205327406906
2025-03-14 04:00,15.726445478107188
2025-03-14 05:00,14.298628244784034
2025-03-14 06:00,14.747207916434473
2025-03-14 07:00,10.038872129495058
2025-03-14 08:00,10.228216201067523
2025-03-14 09:00,12.320278902255733
2025-03-14 10:00,16.889514914639243
2025-03-14 11:00,13.970906942175723
2025-03-14 12:00,11.854998003227227
2025-03-14 13:00,3.0012195574815337
2025-03-14 14:00,3.076413514595467
2025-03-14 15:00,7.014429710081708
2025-03-14 16:00,5.676657756665881
2025-03-14 17:00,23.63215152543429
2025-03-14 18:00,9.740989520405673
2025-03-14 19:00,14.729778885052422
2025-03-14 20:00,22.246429906129876
2025-03-14 21:00,7.745815759583531
2025-03-14 22:00,7.208196925132899
2025-03-14 23:00,7.885412379242169
2025-03-15 00:00,9.374847351354326
2025-03-15 01:00,10.277966297692476
2025-03-15 02:00,9.426436124513547
2025-03-15 03:00,5.892418304347017
2025-03-15 04:00,9.572851656692738
2025-03-15 05:00,11.23985350968509
2025-03-15 06:00,6.6024186833578575
2025-03-15 07:00,2.8703404968303614
2025-03-15 08:00,18.11181790016238
2025-03-15 09:00,16.721276024371065
2025-03-15 10:00,14.091246661863101
2025-03-15 11:00,8.748176283451297
2025-03-15 12:00,7.490565121519286
2025-03-15 13:00,9.36203306255035
2025-03-15 14:00,0.6735531709876403
2025-03-15 15:00,1.7949907551877566
2025-03-15 16:00,5.554224079715064
2025-03-15 17:00,7.041273665217193
2025-03-15 18:00,5.75509420146847
2025-03-15 19:00,8.383681851593984
2025-03-15 20:00,11.385061090149728
2025-03-15 21:00,5.483976952736457
2025-03-15 22:00,4.075841394863492
2025-03-15 23:00,6.955736971171582
2025-03-16 00:00,9.3424782119407
2025-03-16 01:00,9.320798362456873
2025-03-16 02:00,8.821717779538352
2025-03-16 03:00,8.944946716788486
2025-03-16 04:00,6.035130377097547
2025-03-16 05:00,4.81791502306417
2025-03-16 06:00,4.282065685985676
2025-03-16 07:00,1.5801563994649284
2025-03-16 08:00,2.581488338655389
2025-03-16 09:00,6.399245506995537
2025-03-16 10:00,21.208212730363474
2025-03-16 11:00,30.403738670795477
2025-03-16 12:00,39.166210300220186
2025-03-16 13:00,39.83908771554437
2025-03-16 14:00,46.06082059680275
2025-03-16 15:00,54.221950176048615
2025-03-16 16:00,54.183529492592484
2025-03-16 17:00,56.34851287093446
2025-03-16 18:00,57.61546950385617
2025-03-16 19:00,56.48472226876489
2025-03-16 20:00,54.242645035265355
2025-03-16 21:00,55.0907581238626
2025-03-16 22:00,53.68712769117267
2025-03-16 23:00,55.01605216844245
2025-03-17 00:00,54.49065610844425
2025-03-17 01:00,53.89372490563869
2025-03-17 02:00,54.668697414624376
2025-03-17 03:00,54.705948571075524
2025-03-17 04:00,53.736310400847934
2025-03-17 05:00,53.388233394628884
2025-03-17 06:00,52.36325991932021
2025-03-17 07:00,46.47888046925302
2025-03-17 08:00,50.42115219600792
2025-03-17 09:00,43.55298889985538
2025-03-17 10:00,30.718015311030435
2025-03-17 11:00,24.49262343386364
2025-03-17 12:00,16.845530673123466
2025-03-17 13:00,18.948157805491675
2025-03-17 14:00,13.226344067176178
2025-03-17 15:00,12.610962034932918
2025-03-17 16:00,10.241831609006951
2025-03-17 17:00,10.386167157163868
2025-03-17 18:00,7.372752793413664
2025-03-17 19:00,8.995717625521772
2025-03-17 20:00,6.723070978165969
2025-03-17 21:00,10.020886438048485
2025-03-17 22:00,21.715871784216038
2025-03-17 23:00,41.631103930270356
2025-03-18 00:00,49.74932136840903
2025-03-18 01:00,49.392856346098284
2025-03-18 02:00,32.25276049815571
2025-03-18 03:00,33.15976946479742
2025-03-18 04:00,47.45951151174937
2025-03-18 05:00,45.04930576028567
2025-03-18 06:00,50.84947752202889
2025-03-18 07:00,44.775092173619335
2025-03-18 08:00,51.35824603153547
2025-03-18 09:00,51.35196748525373
2025-03-18 10:00,50.538621612460716
2025-03-18 11:00,52.49918050410306
2025-03-18 12:00,54.009113583036736
2025-03-18 13:00,57.769484169293165
2025-03-18 14:00,58.30679233031971
2025-03-18 15:00,59.09980508867116
2025-03-18 16:00,57.634875030019465
2025-03-18 17:00,55.661486933773226
2025-03-18 18:00,55.49790261108616
2025-03-18 19:00,54.159905222578026
2025-03-18 20:00,51.598210195191584
2025-03-18 21:00,53.49546012781052
2025-03-18 22:00,50.51172233300043
2025-03-18 23:00,49.751545354133896
2025-03-19 00:00,39.535208082952124
2025-03-19 01:00,34.49945672653298
2025-03-19 02:00,30.158689166041487
2025-03-19 03:00,32.91821356399225
2025-03-19 04:00,22.83809653717702
2025-03-19 05:00,14.518670859866942
2025-03-19 06:00,7.214652366697638
2025-03-19 07:00,4.000752728119021
2025-03-19 08:00,11.328493755743754
2025-03-19 09:00,23.149006588519132
2025-03-19 10:00,19.348772734589968
2025-03-19 11:00,16.5861724765961
2025-03-19 12:00,13.9265725966636
2025-03-19 13:00,15.993904318502812
2025-03-19 14:00,14.411318766467845
2025-03-19 15:00,11.37735987509311
2025-03-19 16:00,10.991888668150757
2025-03-19 17:00,11.602069588245504
2025-03-19 18:00,13.528910465203618
2025-03-19 19:00,9.091220765802433
2025-03-19 20:00,14.693189539115902
2025-03-19 21:00,16.93523791671467
2025-03-19 22:00,13.755371608800429
2025-03-19 23:00,6.968286040146337
2025-03-20 00:00,11.907148300970242
2025-03-20 01:00,12.232906685229715
2025-03-20 02:00,13.92673428559372
2025-03-20 03:00,20.40314799800283
2025-03-20 04:00,23.24578442309074
2025-03-20 05:00,23.365547218482234
2025-03-20 06:00,26.034070244467422
2025-03-20 07:00,21.478349794243353
2025-03-20 08:00,15.118164405675712
2025-03-20 09:00,28.566919913603
2025-03-20 10:00,30.895752373567383
2025-03-20 11:00,27.00242720619182
2025-03-20 12:00,24.1141430584774
2025-03-20 13:00,25.56311794952201
2025-03-20 14:00,25.46649206956278
2025-03-20 15:00,26.36684374420841
2025-03-20 16:00,26.885918391171565
2025-03-20 17:00,33.57727743922965
2025-03-20 18:00,30.99522601434463
2025-03-20 19:00,27.96235179411433
2025-03-20 20:00,31.024795066983764
2025-03-20 21:00,22.776175519684188
2025-03-20 22:00,27.72050407266901
2025-03-20 23:00,34.99425984064804
2025-03-21 00:00,27.747762424117006
2025-03-21 01:00,26.06897761324726
2025-03-21 02:00,26.866628750749292
2025-03-21 03:00,29.369827820139268
2025-03-21 04:00,23.77347408930833
2025-03-21 05:00,22.720817973299237
2025-03-21 06:00,22.334361467597674
2025-03-21 07:00,21.325307549228157
2025-03-21 08:00,14.847322010682184
2025-03-21 09:00,25.646009357165646
2025-03-21 10:00,15.671239354715413
2025-03-21 11:00,14.151109564230259
2025-03-21 12:00,19.429930910985128
2025-03-21 13:00,15.07873086525482
2025-03-21 14:00,15.123534953651061
2025-03-21 15:00,15.78624697691209
2025-03-21 16:00,11.831989826581363
2025-03-21 17:00,9.591917539273812
2025-03-21 18:00,8.176710016062273
2025-03-21 19:00,7.707711080452082
2025-03-21 20:00,5.752918618147617
2025-03-21 21:00,6.843798790224269
2025-03-21 22:00,4.6655257416214
2025-03-21 23:00,13.262301358772476
2025-03-22 00:00,25.91842929129549
2025-03-22 01:00,17.15721508776597
2025-03-22 02:00,17.69796902943954
2025-03-22 03:00,21.31118468226407
2025-03-22 04:00,20.517498631548385
2025-03-22 05:00,29.342551276348416
2025-03-22 06:00,31.680974680518226
2025-03-22 07:00,29.167354890217226
2025-03-22 08:00,16.812199154381354
2025-03-22 09:00,16.748426009748016
2025-03-22 10:00,10.561469319085566
2025-03-22 11:00,15.436413913096924
2025-03-22 12:00,17.92933876285912
2025-03-22 13:00,18.81238011319093
2025-03-22 14:00,19.609643799047085
2025-03-22 15:00,19.516976333120812
2025-03-22 16:00,20.851033547514845
2025-03-22 17:00,25.37361249483455
2025-03-22 18:00,21.958111892903105
2025-03-22 19:00,13.825738118446484
2025-03-22 20:00,16.65869925463189
2025-03-22 21:00,17.121232556212103
2025-03-22 22:00,15.942382349638677
2025-03-22 23:00,21.12109767012763
2025-03-23 00:00,26.85457096050854
2025-03-23 01:00,32.963654484729744
2025-03-23 02:00,31.32016164693826
2025-03-23 03:00,24.946627122358812
2025-03-23 04:00,26.960267015291343
2025-03-23 05:00,23.34316229263717
2025-03-23 06:00,20.337691539267958
2025-03-23 07:00,18.06260258769753
2025-03-23 08:00,15.53721842103432
2025-03-23 09:00,17.934080526095023
2025-03-23 10:00,16.149899152210036
2025-03-23 11:00,18.57592267342878
2025-03-23 12:00,19.20769101075002
2025-03-23 13:00,22.63900083901862
2025-03-23 14:00,24.024650881768306
2025-03-23 15:00,26.244066006539093
2025-03-23 16:00,27.43396816975413
2025-03-23 17:00,31.757542545936573
2025-03-23 18:00,27.52914694679574
2025-03-23 19:00,21.960730900414177
2025-03-23 20:00,19.923272361902974
2025-03-23 21:00,17.61403459536205
2025-03-23 22:00,27.954977860600028
2025-03-23 23:00,28.876200332864357
2025-03-24 00:00,23.285509239271025
2025-03-24 01:00,25.934556205508137
2025-03-24 02:00,28.362677932186237
2025-03-24 03:00,40.13864800739927
2025-03-24 04:00,43.09105897466999
2025-03-24 05:00,29.570260192527677
2025-03-24 06:00,50.33227166338817
2025-03-24 07:00,40.71889266400896
2025-03-24 08:00,52.112912280308564
2025-03-24 09:00,54.83710361305172
2025-03-24 10:00,51.71257873963143
2025-03-24 11:00,51.8995568594038
2025-03-24 12:00,53.67695110968417
2025-03-24 13:00,52.749984193949864
2025-03-24 14:00,52.454434698772324
2025-03-24 15:00,52.80352779068836
2025-03-24 16:00,53.255851267795265
2025-03-24 17:00,51.12379136704144
2025-03-24 18:00,49.571327623119124
2025-03-24 19:00,49.542175259322065
2025-03-24 20:00,51.10873723018537
2025-03-24 21:00,43.99432481581246
2025-03-24 22:00,36.08668002466802
2025-03-24 23:00,31.97916606979536
2025-03-25 00:00,34.54633635112773
2025-03-25 01:00,27.754090687798833
2025-03-25 02:00,26.120383181797322
2025-03-25 03:00,29.534345990573712
2025-03-25 04:00,18.26619306786283
2025-03-25 05:00,11.257281525696282
2025-03-25 06:00,19.56999191280541
2025-03-25 07:00,24.40820223176977
2025-03-25 08:00,20.501840859637667
2025-03-25 09:00,19.86866655574498
2025-03-25 10:00,28.535825472576605
2025-03-25 11:00,42.94300353895526
2025-03-25 12:00,52.195503830584684
2025-03-25 13:00,57.68358697121942
2025-03-25 14:00,60.27073597809898
2025-03-25 15:00,52.76910534594444
2025-03-25 16:00,53.09115558852287
2025-03-25 17:00,50.79297746377333
2025-03-25 18:00,37.27364963697108
2025-03-25 19:00,21.44809974768057
2025-03-25 20:00,13.410330041781918
2025-03-25 21:00,8.727345016470636
2025-03-25 22:00,8.881571075509159
2025-03-25 23:00,7.758708504128867
2025-03-26 00:00,8.109185978400381
2025-03-26 01:00,10.055233457637542
2025-03-26 02:00,8.422618521938022
2025-03-26 03:00,10.010729733557078
2025-03-26 04:00,6.881309410574886
2025-03-26 05:00,3.578094943737628
2025-03-26 06:00,7.759125610923794
2025-03-26 07:00,6.609231528260792
2025-03-26 08:00,2.8995059919992303
2025-03-26 09:00,4.360212929575161
2025-03-26 10:00,4.16657389828044
2025-03-26 11:00,3.5940942753120133
2025-03-26 12:00,15.316620413471174
2025-03-26 13:00,18.473487682463492
2025-03-26 14:00,15.637673901627892
2025-03-26 15:00,18.29833982410908
2025-03-26 16:00,21.964404190606743
2025-03-26 17:00,25.25359493652932
2025-03-26 18:00,32.75731106888521
2025-03-26 19:00,36.657711407930876
2025-03-26 20:00,47.429800694871645
2025-03-26 21:00,50.50145288773498
2025-03-26 22:00,52.02634059100042
2025-03-26 23:00,52.570030870396174
2025-03-27 00:00,58.16699444506193
2025-03-27 01:00,61.730384552849785
2025-03-27 02:00,61.41465727518693
2025-03-27 03:00,61.80908647751572
2025-03-27 04:00,61.64874317126015
2025-03-27 05:00,57.54518394159838
2025-03-27 06:00,51.704205817085665
2025-03-27 07:00,50.4933773050237
2025-03-27 08:00,51.664348632693596
2025-03-27 09:00,41.5527838255013
2025-03-27 10:00,32.50675189793793
2025-03-27 11:00,25.016462801445602
2025-03-27 12:00,22.508583061390272
2025-03-27 13:00,16.62618957032655
2025-03-27 14:00,22.41224594727454
2025-03-27 15:00,23.334352029395188
2025-03-27 16:00,29.80030354553321
2025-03-27 17:00,43.3964199010381
2025-03-27 18:00,55.74377866919176
2025-03-27 19:00,40.30852452749424
2025-03-27 20:00,35.20544726209935
2025-03-27 21:00,35.880817502665174
2025-03-27 22:00,36.34723639859101
2025-03-27 23:00,48.680349130193015
2025-03-28 00:00,51.86767838106317
2025-03-28 01:00,55.00279567679729
2025-03-28 02:00,47.224784317979015
2025-03-28 03:00,43.77368135133898
2025-03-28 04:00,52.808607933540145
2025-03-28 05:00,53.30636650481941
2025-03-28 06:00,50.59803377134713
2025-03-28 07:00,43.837183737644196
2025-03-28 08:00,54.97657279021774
2025-03-28 09:00,53.28809752747262
2025-03-28 10:00,55.41129871713598
2025-03-28 11:00,54.04066955883141
2025-03-28 12:00,56.636500494009766
2025-03-28 13:00,59.70954010958029
2025-03-28 14:00,56.984036674729886
2025-03-28 15:00,58.503350581553214
2025-03-28 16:00,59.29933438713751
2025-03-28 17:00,58.41735250994234
2025-03-28 18:00,58.17050972592846
2025-03-28 19:00,55.028975794587886
2025-03-28 20:00,55.555948493433334
2025-03-28 21:00,53.86637876846792
2025-03-28 22:00,49.317281221023165
2025-03-28 23:00,40.80661072667463
2025-03-29 00:00,25.5679114243391
2025-03-29 01:00,18.77721662190219
2025-03-29 02:00,17.727338889366944
2025-03-29 03:00,18.799859847950035
2025-03-29 04:00,17.506167982336095
2025-03-29 05:00,20.792082514886488
2025-03-29 06:00,20.221610032571398
2025-03-29 07:00,14.687486674805225
2025-03-29 08:00,15.683884474316287
2025-03-29 09:00,6.815775691322569
2025-03-29 10:00,3.4333161311739513
2025-03-29 11:00,10.03385669776889
2025-03-29 12:00,14.258614039315658
2025-03-29 13:00,19.16471136231627
2025-03-29 14:00,56.225522584335664
2025-03-29 15:00,49.19254831284188
2025-03-29 16:00,55.523703308683906
2025-03-29 17:00,55.36607005521028
2025-03-29 18:00,57.404072640133556
2025-03-29 19:00,59.574508023309036
2025-03-29 20:00,53.61107302993337
2025-03-29 21:00,50.098853886128936
2025-03-29 22:00,47.208146082154414
2025-03-29 23:00,28.73447167718312
2025-03-30 00:00,25.550566346041244
2025-03-30 01:00,22.677846082782416
2025-03-30 02:00,19.42920367499277
2025-03-30 03:00,12.630827363998986
2025-03-30 04:00,5.96786168349843
2025-03-30 05:00,11.546094650875602
2025-03-30 06:00,12.023139016717465
2025-03-30 07:00,10.107250719521751
2025-03-30 08:00,25.821851075308583
2025-03-30 09:00,15.748262404943215
2025-03-30 10:00,19.862388298798013
2025-03-30 11:00,19.688621230154812
2025-03-30 12:00,11.298953561058012
2025-03-30 13:00,6.756401159936194
2025-03-30 14:00,9.583813079915485
2025-03-30 15:00,9.8947468392012
2025-03-30 16:00,10.558453068825791
2025-03-30 17:00,10.199254690886345
2025-03-30 18:00,12.836997959472765
2025-03-30 19:00,17.614286569731746
2025-03-30 20:00,26.58016163351984
2025-03-30 21:00,19.581509554738968
2025-03-30 22:00,20.29038950873282
2025-03-30 23:00,20.334135123539305
2025-03-31 00:00,11.408933025248206
2025-03-31 01:00,11.498961484154501
2025-03-31 02:00,6.179056875061508
2025-03-31 03:00,4.8342973112228655
2025-03-31 04:00,12.368401866040065
2025-03-31 05:00,11.11736019028001
2025-03-31 06:00,15.794152518539985
2025-03-31 07:00,14.02521035423334
2025-03-31 08:00,6.97497549499396
2025-03-31 09:00,5.039422792331875
2025-03-31 10:00,0.8147777102735225
2025-03-31 11:00,0.20740248735469596
2025-03-31 12:00,5.971337531017434
2025-03-31 13:00,5.971337531017434
2025-03-31 14:00,5.971337531017434
2025-03-31 15:00,5.971337531017434
2025-03-31 16:00,3.909977034618818
2025-03-31 17:00,5.201075671161899
2025-03-31 18:00,6.03089860216621
2025-03-31 19:00,0.6129832950857104
2025-03-31 20:00,1.2930929583122484
2025-03-31 21:00,3.665587772097131
2025-03-31 22:00,1.198276971131449
2025-03-31 23:00,2.0536749173300493
2025-04-01 00:00,3.0408275024131433
2025-04-01 01:00,2.675080341779143
2025-04-01 02:00,1.6160365446651215
2025-04-01 03:00,1.2465138630765278
2025-04-01 04:00,2.4430499096007825
2025-04-01 05:00,1.691250256686
2025-04-01 06:00,2.4531324904784997
2025-04-01 07:00,0.8723485912383231
2025-04-01 08:00,1.15383743046935
2025-04-01 09:00,0.4218864438911609
2025-04-01 10:00,0.4129369303465194
2025-04-01 11:00,0.7754891908472655
2025-04-01 12:00,0.7135704302559878
2025-04-01 13:00,0.7158855669277814
2025-04-01 14:00,5.1216399669706245
2025-04-01 15:00,10.275091042554521
2025-04-01 16:00,10.986591272607583
2025-04-01 17:00,14.893483201506552
2025-04-01 18:00,12.258999989058086
2025-04-01 19:00,5.883797310962035
2025-04-01 20:00,6.265650831688556
2025-04-01 21:00,3.466064821846806
2025-04-01 22:00,0.557073769081299
2025-04-01 23:00,0.94387548449351
2025-04-02 00:00,3.115636404705428
2025-04-02 01:00,6.62743819749058
2025-04-02 02:00,4.579812151314096
2025-04-02 03:00,2.7323360315314758
2025-04-02 04:00,5.819866800683813
2025-04-02 05:00,7.55594787035278
2025-04-02 06:00,6.1248169844656575
2025-04-02 07:00,2.5026757225422624
2025-04-02 08:00,1.4290723302887476
2025-04-02 09:00,2.686701135963662
2025-04-02 10:00,1.6591795749890927
2025-04-02 11:00,4.907286338342778
2025-04-02 12:00,8.21421406537688
2025-04-02 13:00,8.946555993633034
2025-04-02 14:00,9.753642302559813
2025-04-02 15:00,8.650848591976516
2025-04-02 16:00,10.37290767835379
2025-04-02 17:00,20.71461695581784
2025-04-02 18:00,20.884128379938623
2025-04-02 19:00,18.604469009929897
2025-04-02 20:00,15.305093169500926
2025-04-02 21:00,19.27578357986894
2025-04-02 22:00,8.504261329609522
2025-04-02 23:00,11.89961369047244
2025-04-03 00:00,6.504297905737303
2025-04-03 01:00,12.658327259571198
2025-04-03 02:00,12.283713130872314
2025-04-03 03:00,8.09906321999217
2025-04-03 04:00,3.339497771702728
2025-04-03 05:00,8.254462058352317
2025-04-03 06:00,9.742231768219872
2025-04-03 07:00,8.611815418367657
2025-04-03 08:00,5.523986996984499
2025-04-03 09:00,0.7220446633567719
2025-04-03 10:00,0.12733630408358412
2025-04-03 11:00,0.0
2025-04-03 12:00,0.030242603901942045
2025-04-03 13:00,0.6988288867471939
2025-04-03 14:00,10.82173061377734
2025-04-03 15:00,15.573221545045705
2025-04-03 16:00,20.945827208784653
2025-04-03 17:00,28.170719730144175
2025-04-03 18:00,34.45242525620698
2025-04-03 19:00,16.245982801857856
2025-04-03 20:00,8.437381104767617
2025-04-03 21:00,7.47721763496797
2025-04-03 22:00,6.52415828859718
2025-04-03 23:00,5.6908876727969115
2025-04-04 00:00,0.0
2025-04-04 01:00,2.933689226231345
2025-04-04 02:00,3.7274475405376997
2025-04-04 03:00,3.60806983505618
2025-04-04 04:00,4.662847328638536
2025-04-04 05:00,3.143871442921063
2025-04-04 06:00,3.6662906062393534
2025-04-04 07:00,1.8798112568377443
2025-04-04 08:00,0.011819837483924012
2025-04-04 09:00,0.06521789900566333
2025-04-04 10:00,0.5385155782478791
2025-04-04 11:00,4.076896283847504
2025-04-04 12:00,6.608431395360475
2025-04-04 13:00,6.158672043061102
2025-04-04 14:00,8.264638902939435
2025-04-04 15:00,7.802842837438541
2025-04-04 16:00,9.794696959720577
2025-04-04 17:00,11.464456179358558
2025-04-04 18:00,6.495539532816832
2025-04-04 19:00,6.851479143386255
2025-04-04 20:00,2.673255738571653
2025-04-04 21:00,3.328796607621354
2025-04-04 22:00,4.277666685553216
2025-04-04 23:00,5.390283770579172
2025-04-05 00:00,3.195256347494836
2025-04-05 01:00,1.7589098080410626
2025-04-05 02:00,6.278308371771159
2025-04-05 03:00,2.1697403731182465
2025-04-05 04:00,2.805054274308456
2025-04-05 05:00,6.764018908044963
2025-04-05 06:00,12.167906435768181
2025-04-05 07:00,13.476168908746061
2025-04-05 08:00,38.24396972994537
2025-04-05 09:00,23.899006679092267
2025-04-05 10:00,23.605537645655033
2025-04-05 11:00,37.090415574466064
2025-04-05 12:00,41.30512425168031
2025-04-05 13:00,51.306661834888956
2025-04-05 14:00,51.2862470002849
2025-04-05 15:00,37.22431424816811
2025-04-05 16:00,29.285671897012307
2025-04-05 17:00,25.988215777103193
2025-04-05 18:00,10.705452395246384
2025-04-05 19:00,22.882281980342412
2025-04-05 20:00,11.605098993573279
2025-04-05 21:00,14.896167659221263
2025-04-05 22:00,8.341882457867458
2025-04-05 23:00,5.488591139341869
2025-04-06 00:00,9.833156004330611
2025-04-06 01:00,9.135137299016037
2025-04-06 02:00,10.024794902659977
2025-04-06 03:00,7.731319868695191
2025-04-06 04:00,3.192697013351994
2025-04-06 05:00,2.2621422145307775
2025-04-06 06:00,2.8293102927725937
2025-04-06 07:00,2.2065032112177017
2025-04-06 08:00,6.041207156456195
2025-04-06 09:00,2.7025352815657624
2025-04-06 10:00,4.21098575138718
2025-04-06 11:00,10.580706270791714
2025-04-06 12:00,23.124737484551915
2025-04-06 13:00,23.10404161861436
2025-04-06 14:00,22.989164818553053
2025-04-06 15:00,20.69517984258305
2025-04-06 16:00,16.638877118122537
2025-04-06 17:00,14.266417134383644
2025-04-06 18:00,13.468032536874514
2025-04-06 19:00,5.1961732832499425
2025-04-06 20:00,3.209311660707395
2025-04-06 21:00,2.0370154330924226
2025-04-06 22:00,1.7055600242208455
2025-04-06 23:00,2.88171666433194
2025-04-07 00:00,1.405232450290589
2025-04-07 01:00,1.2059411963022733
2025-04-07 02:00,0.2092730201159121
2025-04-07 03:00,0.9019585527202527
2025-04-07 04:00,1.3672424377945807
2025-04-07 05:00,5.017484195032284
2025-04-07 06:00,5.055066628092499
2025-04-07 07:00,4.7092672068291765
2025-04-07 08:00,5.500876028102673
2025-04-07 09:00,8.205971138118384
2025-04-07 10:00,16.598253581691278
2025-04-07 11:00,20.81634737355211
2025-04-07 12:00,36.13486965080488
2025-04-07 13:00,40.3637545546856
2025-04-07 14:00,41.59766041093826
2025-04-07 15:00,41.44795495036192
2025-04-07 16:00,46.567036319446046
2025-04-07 17:00,48.877490578088846
2025-04-07 18:00,44.00178154305254
2025-04-07 19:00,45.08363406142695
2025-04-07 20:00,43.845033648783605
2025-04-07 21:00,47.29422381919056
2025-04-07 22:00,49.387837841211834
2025-04-07 23:00,51.5971020406735
2025-04-08 00:00,50.791585831330536
2025-04-08 01:00,51.76478506691819
2025-04-08 02:00,53.957162848307924
2025-04-08 03:00,49.522827955358785
2025-04-08 04:00,35.21300304743438
2025-04-08 05:00,36.643372569661196
2025-04-08 06:00,42.66836960736579
2025-04-08 07:00,31.48845476608571
2025-04-08 08:00,30.209232899356586
2025-04-08 09:00,22.256821339212188
2025-04-08 10:00,14.202102406065642
2025-04-08 11:00,5.892273526159597
2025-04-08 12:00,5.414998354146433
2025-04-08 13:00,7.657445806273515
2025-04-08 14:00,9.934216416804613
2025-04-08 15:00,8.020249338069306
2025-04-08 16:00,9.985549496570732
2025-04-08 17:00,6.58194718880195
2025-04-08 18:00,11.508902586504002
2025-04-08 19:00,6.721568663560248
2025-04-08 20:00,6.046954927121325
2025-04-08 21:00,6.9973461762815035
2025-04-08 22:00,6.580938269235652
2025-04-08 23:00,1.1684511220235645
2025-04-09 00:00,2.6338954824149265
2025-04-09 01:00,2.1032606270953647
2025-04-09 02:00,2.4159806607602183
2025-04-09 03:00,2.042517774758009
2025-04-09 04:00,1.3970229191929748
2025-04-09 05:00,3.146057111502321
2025-04-09 06:00,1.8082102986815394
2025-04-09 07:00,1.4336764501476496
2025-04-09 08:00,2.718752865599328
2025-04-09 09:00,2.76736126071543
2025-04-09 10:00,1.01715317091088
2025-04-09 11:00,7.333560359686808
2025-04-09 12:00,7.325933665634467
2025-04-09 13:00,8.235856016187455
2025-04-09 14:00,8.753106749493028
2025-04-09 15:00,23.15072976769651
2025-04-09 16:00,11.987638880739876
2025-04-09 17:00,2.355792242962659
2025-04-09 18:00,17.730261890094745
2025-04-09 19:00,14.33526233169083
2025-04-09 20:00,13.15899013602698
2025-04-09 21:00,11.92845482174669
2025-04-09 22:00,12.120687336199493
2025-04-09 23:00,7.800985904707629
2025-04-10 00:00,2.975040648532134
2025-04-10 01:00,2.4368723507524415
2025-04-10 02:00,2.8818996208843766
2025-04-10 03:00,5.175169019386265
2025-04-10 04:00,6.3644519980132035
2025-04-10 05:00,4.373815742478632
2025-04-10 06:00,3.7681720866674153
2025-04-10 07:00,3.925518925171669
2025-04-10 08:00,6.160947937307309
2025-04-10 09:00,3.310508150780419
2025-04-10 10:00,2.09271326263496
2025-04-10 11:00,1.3991718384294265
2025-04-10 12:00,5.799125527509647
2025-04-10 13:00,5.608273766874921
2025-04-10 14:00,9.760784602682984
2025-04-10 15:00,11.02962376323943
2025-04-10 16:00,11.218206515781498
2025-04-10 17:00,10.231101190283777
2025-04-10 18:00,13.67322413953441
2025-04-10 19:00,5.246775714202757
2025-04-10 20:00,5.98634757064364
2025-04-10 21:00,5.728776335858914
2025-04-10 22:00,3.1585424299021394
2025-04-10 23:00,4.351851256963929
2025-04-11 00:00,9.826920405144731
2025-04-11 01:00,5.097754444044244
2025-04-11 02:00,6.220341151456891
2025-04-11 03:00,6.6922818210049355
2025-04-11 04:00,7.390427230543411
2025-04-11 05:00,3.407356108255196
2025-04-11 06:00,4.353755015485296
2025-04-11 07:00,0.8419425814033346
2025-04-11 08:00,1.7690442454849657
2025-04-11 09:00,3.201349978605056
2025-04-11 10:00,1.1207459334058492
2025-04-11 11:00,1.482910434694785
2025-04-11 12:00,0.6151664127113416
2025-04-11 13:00,2.2375146720264594
2025-04-11 14:00,7.617572574564071
2025-04-11 15:00,7.729009288267134
2025-04-11 16:00,8.810494771879753
2025-04-11 17:00,7.203077417602119
2025-04-11 18:00,6.980100843513913
2025-04-11 19:00,3.9725385966556717
2025-04-11 20:00,8.202147658444815
2025-04-11 21:00,6.676007915443591
2025-04-11 22:00,4.851440248366385
2025-04-11 23:00,4.963746710159088
2025-04-12 00:00,10.776066563220215
2025-04-12 01:00,14.443077208492644
2025-04-12 02:00,4.635887148212584
2025-04-12 03:00,8.45755894917446
2025-04-12 04:00,10.305722173886707
2025-04-12 05:00,15.535168401580234
2025-04-12 06:00,11.024548995846398
2025-04-12 07:00,17.97688014366502
2025-04-12 08:00,22.29533744195335
2025-04-12 09:00,36.53620082146492
2025-04-12 10:00,33.88142865575009
2025-04-12 11:00,44.21980849739063
2025-04-12 12:00,47.37912482434597
2025-04-12 13:00,36.428696738687734
2025-04-12 14:00,39.38959405732691
2025-04-12 15:00,51.58861270278315
2025-04-12 16:00,54.070118632604405
2025-04-12 17:00,53.03685915592253
2025-04-12 18:00,55.46704316164713
2025-04-12 19:00,59.99619976652068
2025-04-12 20:00,63.642118184711094
2025-04-12 21:00,63.19623525088871
2025-04-12 22:00,61.81676084495258
2025-04-12 23:00,60.59658623598327
2025-04-13 00:00,55.95311338907949
2025-04-13 01:00,13.462544194673637
2025-04-13 02:00,4.524705108373668
2025-04-13 03:00,15.057767224590014
2025-04-13 04:00,32.996400765265065
2025-04-13 05:00,36.7159482811282
2025-04-13 06:00,48.13852946056192
2025-04-13 07:00,44.381204904203706
2025-04-13 08:00,44.08249966144025
2025-04-13 09:00,52.46563965668
2025-04-13 10:00,50.91109464962305
2025-04-13 11:00,52.9106799052151
2025-04-13 12:00,50.963402958184886
2025-04-13 13:00,48.51040411693205
2025-04-13 14:00,47.39331582984487
2025-04-13 15:00,46.21410371260771
2025-04-13 16:00,36.08530562826478
2025-04-13 17:00,44.50247097018388
2025-04-13 18:00,40.1904980747907
2025-04-13 19:00,48.643165069007715
2025-04-13 20:00,51.596172831746706
2025-04-13 21:00,50.24686980989392
2025-04-13 22:00,49.06705050703896
2025-04-13 23:00,51.011119893431825
2025-04-14 00:00,50.90041110535564
2025-04-14 01:00,51.344393045640906
2025-04-14 02:00,51.094558487403475
2025-04-14 03:00,51.76827526547611
2025-04-14 04:00,51.89416756610919
2025-04-14 05:00,50.63421841011955
2025-04-14 06:00,51.98074946939149
2025-04-14 07:00,44.44392802490555
2025-04-14 08:00,34.399821649855504
2025-04-14 09:00,23.13180559969207
2025-04-14 10:00,28.50766773274519
2025-04-14 11:00,29.384366751520574
2025-04-14 12:00,44.127000284653434
2025-04-14 13:00,29.19937556382818
2025-04-14 14:00,29.93153898145331
2025-04-14 15:00,38.198048516888846
2025-04-14 16:00,39.59964873897276
2025-04-14 17:00,29.874952787999902
2025-04-14 18:00,35.87399928176991
2025-04-14 19:00,42.94295470235417
2025-04-14 20:00,58.42709431939763
2025-04-14 21:00,54.802042757086525
2025-04-14 22:00,54.96963449540896
2025-04-14 23:00,39.53963202924702
2025-04-15 00:00,31.92621151791374
2025-04-15 01:00,47.768742974528
2025-04-15 02:00,50.69091073035273
2025-04-15 03:00,53.67709621826514
2025-04-15 04:00,31.613435183491045
2025-04-15 05:00,20.53680824828156
2025-04-15 06:00,14.55911886995855
2025-04-15 07:00,10.293377313135426
2025-04-15 08:00,31.425278222935038
2025-04-15 09:00,29.306786347067785
2025-04-15 10:00,27.07997956653405
2025-04-15 11:00,26.86770195450259
2025-04-15 12:00,23.959899398627293
2025-04-15 13:00,24.699258828338685
2025-04-15 14:00,24.091866266840913
2025-04-15 15:00,22.009239559915105
2025-04-15 16:00,14.62870773045011
2025-04-15 17:00,19.813658350607326
2025-04-15 18:00,14.42136281145001
2025-04-15 19:00,7.860137760028992
2025-04-15 20:00,8.645736464108388
2025-04-15 21:00,6.434444509128755
2025-04-15 22:00,5.367227294996935
2025-04-15 23:00,6.293311685364737
2025-04-16 00:00,9.58839450246375
2025-04-16 01:00,6.620287022987781
2025-04-16 02:00,16.449377848398786
2025-04-16 03:00,17.57435987492204
2025-04-16 04:00,4.43992367696721
2025-04-16 05:00,13.897301986156862
2025-04-16 06:00,22.1494391138563
2025-04-16 07:00,11.188193219906767
2025-04-16 08:00,10.252840114266366
2025-04-16 09:00,20.908061439106532
2025-04-16 10:00,28.99248943013579
2025-04-16 11:00,31.250246592739792
2025-04-16 12:00,41.292710350167084
2025-04-16 13:00,45.26086298572831
2025-04-16 14:00,43.577500131549414
2025-04-16 15:00,43.9247140568618
2025-04-16 16:00,50.76436364121227
2025-04-16 17:00,49.76377603853789
2025-04-16 18:00,43.103993146021104
2025-04-16 19:00,50.27506902989864
2025-04-16 20:00,49.9020753980322
2025-04-16 21:00,49.19125274241604
2025-04-16 22:00,49.89507585932368
2025-04-16 23:00,49.85838448198187
2025-04-17 00:00,49.748063434561374
2025-04-17 01:00,49.97065212246659
2025-04-17 02:00,48.79297578823438
2025-04-17 03:00,49.817441803103414
2025-04-17 04:00,49.37059907718202
2025-04-17 05:00,51.8832114286973
2025-04-17 06:00,51.05887564240475
2025-04-17 07:00,50.53073309203429
2025-04-17 08:00,50.622360166360544
2025-04-17 09:00,51.98964932101435
2025-04-17 10:00,51.78762812419741
2025-04-17 11:00,52.89462172449996
2025-04-17 12:00,51.6729762538892
2025-04-17 13:00,50.89507842538296
2025-04-17 14:00,53.86561107212583
2025-04-17 15:00,51.5763493964784
2025-04-17 16:00,49.20109051053009
2025-04-17 17:00,47.19246355217149
2025-04-17 18:00,48.64678978377582
2025-04-17 19:00,50.48461106474858
2025-04-17 20:00,37.25928842259579
2025-04-17 21:00,38.36721688305093
2025-04-17 22:00,42.122734175745904
2025-04-17 23:00,41.07200972722262
2025-04-18 00:00,44.581917357286116
2025-04-18 01:00,35.54374426693683
2025-04-18 02:00,47.501709176988484
2025-04-18 03:00,48.98428431303604
2025-04-18 04:00,46.43161784307146
2025-04-18 05:00,36.88866090550622
2025-04-18 06:00,43.32608438651224
2025-04-18 07:00,32.75577050167357
2025-04-18 08:00,41.71263122749076
2025-04-18 09:00,40.675026906136665
2025-04-18 10:00,29.237336054662617
2025-04-18 11:00,21.49209145150432
2025-04-18 12:00,14.271162164563718
2025-04-18 13:00,12.496842430576441
2025-04-18 14:00,11.93570020335062
2025-04-18 15:00,16.165383742907327
2025-04-18 16:00,26.87107113316744
2025-04-18 17:00,28.799757210491066
2025-04-18 18:00,22.159000022061516
2025-04-18 19:00,10.16026531582553
2025-04-18 20:00,13.701010139254551
2025-04-18 21:00,22.535620542587495
2025-04-18 22:00,23.56185267329451
2025-04-18 23:00,21.22610586968012
2025-04-19 00:00,20.765469475485986
2025-04-19 01:00,20.20147793308451
2025-04-19 02:00,35.31760319032995
2025-04-19 03:00,36.706019017517974
2025-04-19 04:00,39.77310018403222
2025-04-19 05:00,35.095325229701956
2025-04-19 06:00,35.50361500464369
2025-04-19 07:00,41.40541867874522
2025-04-19 08:00,39.91761265583125
2025-04-19 09:00,34.672139943372336
2025-04-19 10:00,27.23762226628948
2025-04-19 11:00,46.35888036534853
2025-04-19 12:00,53.03125706088527
2025-04-19 13:00,51.38900335979067
2025-04-19 14:00,46.10134872131363
2025-04-19 15:00,49.36164140399441
2025-04-19 16:00,51.18965178713114
2025-04-19 17:00,43.32429585862779
2025-04-19 18:00,41.08785904722828
2025-04-19 19:00,43.52703659971352
2025-04-19 20:00,23.299457869896095
2025-04-19 21:00,2.9136834569907832
2025-04-19 22:00,0.6936348557373169
2025-04-19 23:00,4.053200671117076
2025-04-20 00:00,0.4084142873256429
2025-04-20 01:00,0.7316287189453923
2025-04-20 02:00,3.014570800614932
2025-04-20 03:00,0.7434272832136115
2025-04-20 04:00,1.5711916092850595
2025-04-20 05:00,12.302861339788544
2025-04-20 06:00,18.193925217892577
2025-04-20 07:00,18.744576210079565
2025-04-20 08:00,14.402211771761667
2025-04-20 09:00,8.860598443091781
2025-04-20 10:00,4.7359848247484
2025-04-20 11:00,3.873662026598727
2025-04-20 12:00,6.7994329039236305
2025-04-20 13:00,1.7591497155280251
2025-04-20 14:00,6.198617721732482
2025-04-20 15:00,7.5248137528947545
2025-04-20 16:00,16.830477324219302
2025-04-20 17:00,16.47914673639953
2025-04-20 18:00,10.391130935831399
2025-04-20 19:00,3.69990031484982
2025-04-20 20:00,2.315703162178414
2025-04-20 21:00,5.935062933335626
2025-04-20 22:00,6.4643500839346935
2025-04-20 23:00,3.85205786422555
2025-04-21 00:00,0.0
2025-04-21 01:00,0.0
2025-04-21 02:00,0.07627929170701031
2025-04-21 03:00,0.12495546586042072
2025-04-21 04:00,1.1112340805405811
2025-04-21 05:00,0.2062381029271778
2025-04-21 06:00,0.35863680284171195
2025-04-21 07:00,0.1198058544111344
2025-04-21 08:00,0.04080679699299272
2025-04-21 09:00,0.15815465428628322
2025-04-21 10:00,0.20572065804076664
2025-04-21 11:00,2.521186545361687
2025-04-21 12:00,5.952695734810453
2025-04-21 13:00,8.988012780786713
2025-04-21 14:00,8.42732702211746
2025-04-21 15:00,10.533320336202621
2025-04-21 16:00,11.246228382103657
2025-04-21 17:00,16.23321126017676
2025-04-21 18:00,5.683023930778305
2025-04-21 19:00,0.476148617492791
2025-04-21 20:00,0.8996907997394348
2025-04-21 21:00,5.931889837640142
2025-04-21 22:00,1.5567276842920639
2025-04-21 23:00,0.33647741441717716
2025-04-22 00:00,0.2144355717497458
2025-04-22 01:00,1.3057997065479552
2025-04-22 02:00,1.6674577046301413
2025-04-22 03:00,0.38341416553854124
2025-04-22 04:00,8.547624186779403
2025-04-22 05:00,20.35489112831327
2025-04-22 06:00,30.08330172500881
2025-04-22 07:00,27.2055540599809
2025-04-22 08:00,30.703970173234403
2025-04-22 09:00,30.695359835730557
2025-04-22 10:00,29.815549038148575
2025-04-22 11:00,46.300496403418265
2025-04-22 12:00,45.03754068287923
2025-04-22 13:00,44.29067036668558
2025-04-22 14:00,48.98923515366875
2025-04-22 15:00,51.5985519784555
2025-04-22 16:00,51.67091340806269
2025-04-22 17:00,51.94567546418715
2025-04-22 18:00,50.4070696380835
2025-04-22 19:00,42.87887094242866
2025-04-22 20:00,15.579203494095083
2025-04-22 21:00,15.641412275315744
2025-04-22 22:00,11.152493714272522
2025-04-22 23:00,9.588904937175721
2025-04-23 00:00,7.322822801953729
2025-04-23 01:00,12.37948863029992
2025-04-23 02:00,15.274210742884422
2025-04-23 03:00,16.476390826360884
2025-04-23 04:00,20.53642344985567
2025-04-23 05:00,20.772319018376002
2025-04-23 06:00,14.058102311066653
2025-04-23 07:00,9.254538298580798
2025-04-23 08:00,9.221182313153932
2025-04-23 09:00,2.945680030104681
2025-04-23 10:00,0.681978640149181
2025-04-23 11:00,0.550838019746075
2025-04-23 12:00,1.9632994195387843
2025-04-23 13:00,5.109975018586429
2025-04-23 14:00,9.452444822750188
2025-04-23 15:00,6.125158274706806
2025-04-23 16:00,9.894581549809224
2025-04-23 17:00,7.963004511249744
2025-04-23 18:00,3.314699709903925
2025-04-23 19:00,1.3515123384141452
2025-04-23 20:00,1.27685218887673
2025-04-23 21:00,2.093848501315455
2025-04-23 22:00,1.5900820832232303
2025-04-23 23:00,1.3702599289411896
2025-04-24 00:00,2.2703810146631698
2025-04-24 01:00,1.0904249551607599
2025-04-24 02:00,2.274097285959647
2025-04-24 03:00,3.0223629391935996
2025-04-24 04:00,1.5408580386742212
2025-04-24 05:00,0.8097291551169179
2025-04-24 06:00,0.19693231162736824
2025-04-24 07:00,0.0
2025-04-24 08:00,1.0266444796710419
2025-04-24 09:00,5.168023581809988
2025-04-24 10:00,4.166394563314224
2025-04-24 11:00,5.356759943053789
2025-04-24 12:00,7.175972929502164
2025-04-24 13:00,12.430987761012277
2025-04-24 14:00,10.669493891807061
2025-04-24 15:00,5.965765280981174
2025-04-24 16:00,2.792809372818559
2025-04-24 17:00,13.055413954801839
2025-04-24 18:00,41.724839735193775
2025-04-24 19:00,35.907410201909066
2025-04-24 20:00,39.015026894533364
2025-04-24 21:00,37.41340933359048
2025-04-24 22:00,22.50259554491988
2025-04-24 23:00,13.86167709882039
2025-04-25 00:00,24.107877715617505
2025-04-25 01:00,12.944984295841476
2025-04-25 02:00,9.392484027426825
2025-04-25 03:00,9.977213509604109
2025-04-25 04:00,13.80784904255442
2025-04-25 05:00,17.14496935445598
2025-04-25 06:00,16.17670502320827
2025-04-25 07:00,3.092432831164667
2025-04-25 08:00,6.154478818087386
2025-04-25 09:00,4.437423770970355
2025-04-25 10:00,5.483394065667938
2025-04-25 11:00,8.036635441261135
2025-04-25 12:00,8.60219822740912
2025-04-25 13:00,11.135783613617793
2025-04-25 14:00,10.429477650952068
2025-04-25 15:00,13.465896777690634
2025-04-25 16:00,10.760646909306542
2025-04-25 17:00,11.565819500226485
2025-04-25 18:00,11.570800261597725
2025-04-25 19:00,9.658593555541414
2025-04-25 20:00,0.9975377226501141
2025-04-25 21:00,1.1935634834658775
2025-04-25 22:00,2.5085031324068225
2025-04-25 23:00,3.5792158734868513
2025-04-26 00:00,3.057526228794323
2025-04-26 01:00,2.788286534354901
2025-04-26 02:00,2.2231498540391597
2025-04-26 03:00,0.4991576967107612
2025-04-26 04:00,1.1170375895609301
2025-04-26 05:00,4.566653158365957
2025-04-26 06:00,6.183993273321183
2025-04-26 07:00,4.8118252668105335
2025-04-26 08:00,3.1327628795584515
2025-04-26 09:00,2.621407068363952
2025-04-26 10:00,7.665364864817595
2025-04-26 11:00,10.607169686880493
2025-04-26 12:00,15.384852779778576
2025-04-26 13:00,26.134355204615375
2025-04-26 14:00,29.9653292500154
2025-04-26 15:00,28.15185070080882
2025-04-26 16:00,31.291454259923185
2025-04-26 17:00,30.489725078929904
2025-04-26 18:00,27.75799893987914
2025-04-26 19:00,29.28505704054595
2025-04-26 20:00,22.676408202294887
2025-04-26 21:00,29.751987468975734
2025-04-26 22:00,27.61645926562961
2025-04-26 23:00,23.057940352985238
2025-04-27 00:00,20.803047660283067
2025-04-27 01:00,30.1314948277171
2025-04-27 02:00,21.131022720003855
2025-04-27 03:00,25.655671727313784
2025-04-27 04:00,26.962389181524323
2025-04-27 05:00,27.370387802509928
2025-04-27 06:00,27.79698528716808
2025-04-27 07:00,20.976449439246572
2025-04-27 08:00,22.490858379140892
2025-04-27 09:00,15.827451028176494
2025-04-27 10:00,6.592432954598831
2025-04-27 11:00,6.750592572222572
2025-04-27 12:00,16.283017729231123
2025-04-27 13:00,16.58557864752664
2025-04-27 14:00,14.099255869088356
2025-04-27 15:00,6.787402126735125
2025-04-27 16:00,5.930102374221362
2025-04-27 17:00,10.00313972322531
2025-04-27 18:00,7.467330261429658
2025-04-27 19:00,6.068033888799233
2025-04-27 20:00,8.922623649018494
2025-04-27 21:00,15.24284650514556
2025-04-27 22:00,18.006852726304015
2025-04-27 23:00,4.7915847219127965
2025-04-28 00:00,5.134835219751567
2025-04-28 01:00,2.493975246407328
2025-04-28 02:00,4.796931275656266
2025-04-28 03:00,4.5239923845134244
2025-04-28 04:00,3.0949613152550217
2025-04-28 05:00,0.4386070625258278
2025-04-28 06:00,3.6932893737905337
2025-04-28 07:00,0.00587806906420861
2025-04-28 08:00,0.918308007526484
2025-04-28 09:00,0.5044197586550666
2025-04-28 10:00,3.0601069191136303
2025-04-28 11:00,7.356282654856599
2025-04-28 12:00,11.692200195148745
2025-04-28 13:00,15.793742684322616
2025-04-28 14:00,19.20626226757919
2025-04-28 15:00,20.27758849216619
2025-04-28 16:00,28.36298915024058
2025-04-28 17:00,33.714918809727415
2025-04-28 18:00,43.387246267658504
2025-04-28 19:00,38.098815622595225
2025-04-28 20:00,25.959436032055084
2025-04-28 21:00,9.47395400692736
2025-04-28 22:00,4.428638800122457
2025-04-28 23:00,4.0655853013398735
2025-04-29 00:00,3.7762902747435527
2025-04-29 01:00,1.939076156503156
2025-04-29 02:00,2.6464160356799287
2025-04-29 03:00,2.269089077056206
2025-04-29 04:00,3.3183440943190163
2025-04-29 05:00,2.4103062556707435
2025-04-29 06:00,1.8041811249964534
2025-04-29 07:00,0.0
2025-04-29 08:00,0.12052594464182453
2025-04-29 09:00,0.143725023123717
2025-04-29 10:00,0.010661032455991343
2025-04-29 11:00,0.2433354904675839
2025-04-29 12:00,0.6764447474306983
2025-04-29 13:00,4.225239858752255
2025-04-29 14:00,7.091809633181289
2025-04-29 15:00,7.538086703680971
2025-04-29 16:00,7.233756012001033
2025-04-29 17:00,13.712886844309258
2025-04-29 18:00,23.15010234305863
2025-04-29 19:00,20.388359683741562
2025-04-29 20:00,23.180748834168703
2025-04-29 21:00,26.066613630612057
2025-04-29 22:00,30.674201259070625
2025-04-29 23:00,38.20883531389183
2025-04-30 00:00,39.59659291199837
2025-04-30 01:00,37.641312565829516
2025-04-30 02:00,43.98908034965094
2025-04-30 03:00,42.711365603509
2025-04-30 04:00,39.810637242650984
2025-04-30 05:00,38.0754903613213
2025-04-30 06:00,39.22079220525182
2025-04-30 07:00,28.676556167580202
2025-04-30 08:00,36.126491066235026
2025-04-30 09:00,48.11804827814784
2025-04-30 10:00,38.41773362380996
2025-04-30 11:00,38.024792587299906
2025-04-30 12:00,43.27002453540999
2025-04-30 13:00,48.69228066510649
2025-04-30 14:00,49.038324214299834
2025-04-30 15:00,47.98444810380023
2025-04-30 16:00,47.55737392040309
2025-04-30 17:00,50.183982333882646
2025-04-30 18:00,44.64938123294568
2025-04-30 19:00,45.604771412236204
2025-04-30 20:00,50.24525311064876
2025-04-30 21:00,48.35095279576879
2025-04-30 22:00,42.236128767740105
2025-04-30 23:00,51.8162061065596
2025-05-01 00:00,49.98292673411622
2025-05-01 01:00,50.60004595254145
2025-05-01 02:00,53.561034645204124
2025-05-01 03:00,50.1415864795583
2025-05-01 04:00,50.75392895624051
2025-05-01 05:00,51.73485387439698
2025-05-01 06:00,52.55213974223755
2025-05-01 07:00,52.563437866985815
2025-05-01 08:00,53.92000981323722
2025-05-01 09:00,54.06196077268644
2025-05-01 10:00,52.13303118688474
2025-05-01 11:00,52.10166204379449
2025-05-01 12:00,51.87985008760974
2025-05-01 13:00,51.02613189296994
2025-05-01 14:00,38.21808215549794
2025-05-01 15:00,17.160259365512083
2025-05-01 16:00,25.36187132388116
2025-05-01 17:00,15.754840111019629
2025-05-01 18:00,18.996178438168762
2025-05-01 19:00,18.944771936543777
2025-05-01 20:00,7.033851017756986
2025-05-01 21:00,5.235054524958966
2025-05-01 22:00,7.174158642333815
2025-05-01 23:00,7.63146752789146
2025-05-02 00:00,16.418697778749806
2025-05-02 01:00,23.169804989698633
2025-05-02 02:00,35.11420667366765
2025-05-02 03:00,41.34547755821282
2025-05-02 04:00,35.48311134350502
2025-05-02 05:00,27.329718387698193
2025-05-02 06:00,22.139402739385442
2025-05-02 07:00,34.314088743509004
2025-05-02 08:00,45.33067660340101
2025-05-02 09:00,36.379038547322175
2025-05-02 10:00,40.252508432733144
2025-05-02 11:00,27.190091288527007
2025-05-02 12:00,20.248669405344348
2025-05-02 13:00,13.68375567492912
2025-05-02 14:00,13.940238448483655
2025-05-02 15:00,11.12173556722722
2025-05-02 16:00,15.539707723194788
2025-05-02 17:00,7.478605896153251
2025-05-02 18:00,2.7528448835409707
2025-05-02 19:00,4.6522074111000125
2025-05-02 20:00,0.8682129076583383
2025-05-02 21:00,2.5247954491566196
2025-05-02 22:00,3.1564851889765384
2025-05-02 23:00,2.478891011186094
2025-05-03 00:00,0.2864438667339675
2025-05-03 01:00,0.3374436746047119
2025-05-03 02:00,0.6600438009133904
2025-05-03 03:00,7.642905275093209
2025-05-03 04:00,8.205145954804186
2025-05-03 05:00,11.411304545886583
2025-05-03 06:00,20.7874077894851
2025-05-03 07:00,19.975035305963907
2025-05-03 08:00,15.6392905402401
2025-05-03 09:00,11.655105768649769
2025-05-03 10:00,17.453681808768437
2025-05-03 11:00,15.591487366990897
2025-05-03 12:00,15.76698315020571
2025-05-03 13:00,6.036182935540672
2025-05-03 14:00,1.117242891684212
2025-05-03 15:00,14.02606189096981
2025-05-03 16:00,42.3090685071901
2025-05-03 17:00,55.04149505201886
2025-05-03 18:00,54.87893074701742
2025-05-03 19:00,36.621200052352606
2025-05-03 20:00,29.468328531229986
2025-05-03 21:00,31.372602426639244
2025-05-03 22:00,23.368244384856332
2025-05-03 23:00,15.26310872759979
2025-05-04 00:00,0.6165527145242127
2025-05-04 01:00,3.35248861529076
2025-05-04 02:00,6.315336905813309
2025-05-04 03:00,6.4131091324557
2025-05-04 04:00,8.348453581050954
2025-05-04 05:00,8.335517365566975
2025-05-04 06:00,7.918755397414644
2025-05-04 07:00,2.995778978794185
2025-05-04 08:00,2.9071444480867314
2025-05-04 09:00,1.130203605242763
2025-05-04 10:00,0.7163058878422716
2025-05-04 11:00,6.205151544852191
2025-05-04 12:00,13.026739344542422
2025-05-04 13:00,19.136100779812683
2025-05-04 14:00,19.880359461496937
2025-05-04 15:00,17.343274367038966
2025-05-04 16:00,17.140939586998382
2025-05-04 17:00,13.385478044013109
2025-05-04 18:00,9.255340761747988
2025-05-04 19:00,2.452434028420874
2025-05-04 20:00,2.46582269101535
2025-05-04 21:00,4.950369678131755
2025-05-04 22:00,2.4727056046764764
2025-05-04 23:00,1.6283378688866748
2025-05-05 00:00,0.06867928592077477
2025-05-05 01:00,0.5528717106822374
2025-05-05 02:00,0.6327473968868724
2025-05-05 03:00,0.8861608315016172
2025-05-05 04:00,0.19361866376855508
2025-05-05 05:00,0.922361977548581
2025-05-05 06:00,2.130112823921841
2025-05-05 07:00,0.7478289373807328
2025-05-05 08:00,0.19413533155080287
2025-05-05 09:00,0.47491371415572115
2025-05-05 10:00,0.44904402379984515
2025-05-05 11:00,0.6050931480843538
2025-05-05 12:00,2.3123071670826914
2025-05-05 13:00,1.6177718416085016
2025-05-05 14:00,0.18588136551118672
2025-05-05 15:00,1.4445761982745164
2025-05-05 16:00,9.177213767370514
2025-05-05 17:00,0.39622215424403984
2025-05-05 18:00,16.26387794249719
2025-05-05 19:00,31.303103631702978
2025-05-05 20:00,17.331756591489324
2025-05-05 21:00,2.3291279583167004
2025-05-05 22:00,11.158416913709505
2025-05-05 23:00,10.149198062930965
2025-05-06 00:00,2.9391520573734615
2025-05-06 01:00,5.81895020635106
2025-05-06 02:00,8.052396926531943
2025-05-06 03:00,7.483003219970482
2025-05-06 04:00,6.463054823725933
2025-05-06 05:00,10.295806909795115
2025-05-06 06:00,8.247654084460255
2025-05-06 07:00,7.489098632576317
2025-05-06 08:00,2.632352675942698
2025-05-06 09:00,0.37733593157354717
2025-05-06 10:00,1.727039592776538
2025-05-06 11:00,0.23504994385711198
2025-05-06 12:00,0.5227969252543434
2025-05-06 13:00,1.0227815379276288
2025-05-06 14:00,12.265393563654824
2025-05-06 15:00,3.056700741500621
2025-05-06 16:00,4.636784469671439
2025-05-06 17:00,17.23382394748986
2025-05-06 18:00,6.69027941845202
2025-05-06 19:00,5.234366617592427
2025-05-06 20:00,3.8699503782087707
2025-05-06 21:00,2.574795713060876
2025-05-06 22:00,2.340836310770261
2025-05-06 23:00,3.32368536380943
2025-05-07 00:00,0.4025404629794129
2025-05-07 01:00,2.2113202781515153
2025-05-07 02:00,2.2986154479816587
2025-05-07 03:00,1.6000442762753084
2025-05-07 04:00,1.7987537169373562
2025-05-07 05:00,2.197275806732655
2025-05-07 06:00,0.23797781258775808
2025-05-07 07:00,0.2686322818918242
2025-05-07 08:00,0.16379742813633946
2025-05-07 09:00,0.04412219306497989
2025-05-07 10:00,0.0957952515678484
2025-05-07 11:00,0.04386102653631403
2025-05-07 12:00,0.31950324498908766
2025-05-07 13:00,0.5333660535531304
2025-05-07 14:00,6.471952911714481
2025-05-07 15:00,9.348070042498719
2025-05-07 16:00,6.84316123300752
2025-05-07 17:00,5.4976764412742885
2025-05-07 18:00,6.057442341936138
2025-05-07 19:00,0.3814888096642618
2025-05-07 20:00,0.1499960409648895
2025-05-07 21:00,0.7508291752455327
2025-05-07 22:00,1.1587376025190403
2025-05-07 23:00,1.3007105375284618
2025-05-08 00:00,0.8849622301417632
2025-05-08 01:00,0.1298136735398206
2025-05-08 02:00,1.198087059985549
2025-05-08 03:00,0.7952768068339487
2025-05-08 04:00,1.1371413068099043
2025-05-08 05:00,4.286639377235109
2025-05-08 06:00,3.404860162536778
2025-05-08 07:00,0.3462062386881943
2025-05-08 08:00,0.8984602410936362
2025-05-08 09:00,0.24066958818561113
2025-05-08 10:00,0.1002039677813907
2025-05-08 11:00,1.033023286733865
2025-05-08 12:00,3.1594601238207236
2025-05-08 13:00,5.07841348014353
2025-05-08 14:00,7.632939704782369
2025-05-08 15:00,11.854711127230768
2025-05-08 16:00,11.366566762641318
2025-05-08 17:00,16.104570231401098
2025-05-08 18:00,7.514631907378151
2025-05-08 19:00,3.7120831701938597
2025-05-08 20:00,0.2682147768618436
2025-05-08 21:00,0.46057000495962724
2025-05-08 22:00,0.3471988814210183
2025-05-08 23:00,1.844989352566353
2025-05-09 00:00,0.60306293941332
2025-05-09 01:00,0.9507440646738656
2025-05-09 02:00,6.405576735980258
2025-05-09 03:00,5.8183397740986695
2025-05-09 04:00,2.285709148829247
2025-05-09 05:00,18.13697785134906
2025-05-09 06:00,7.133841131428171
2025-05-09 07:00,10.47157775299026
2025-05-09 08:00,21.77496089383261
2025-05-09 09:00,28.756136195653802
2025-05-09 10:00,24.924094886936384
2025-05-09 11:00,41.29068440237934
2025-05-09 12:00,48.81981916698333
2025-05-09 13:00,52.63367721034202
2025-05-09 14:00,52.55420616445453
2025-05-09 15:00,55.66808926561893
2025-05-09 16:00,54.36017120111231
2025-05-09 17:00,50.89181963896403
2025-05-09 18:00,50.8983829709137
2025-05-09 19:00,48.857851163419596
2025-05-09 20:00,50.04939055687704
2025-05-09 21:00,49.41283487529595
2025-05-09 22:00,50.40634783099858
2025-05-09 23:00,50.38393262037487
2025-05-10 00:00,48.480570008179576
2025-05-10 01:00,50.875602878209676
2025-05-10 02:00,52.34027958314747
2025-05-10 03:00,51.92156697347103
2025-05-10 04:00,48.10206535218194
2025-05-10 05:00,46.912949212865094
2025-05-10 06:00,40.10596283339662
2025-05-10 07:00,35.445042677933756
2025-05-10 08:00,44.82455877829965
2025-05-10 09:00,47.58370362125366
2025-05-10 10:00,47.405845207545994
2025-05-10 11:00,51.00749439866458
2025-05-10 12:00,49.45868362076156
2025-05-10 13:00,44.6076053458685
2025-05-10 14:00,45.65162437712575
2025-05-10 15:00,45.29001497959118
2025-05-10 16:00,39.42370591691271
2025-05-10 17:00,38.32573491107645
2025-05-10 18:00,32.06545679364402
2025-05-10 19:00,27.699633228102847
2025-05-10 20:00,23.049101871877703
2025-05-10 21:00,17.250795665728834
2025-05-10 22:00,11.672147538880765
2025-05-10 23:00,7.461047071842973
2025-05-11 00:00,12.207117571446865
2025-05-11 01:00,6.3157132402509655
2025-05-11 02:00,4.962256499704283
2025-05-11 03:00,5.57892581095471
2025-05-11 04:00,5.847893553776775
2025-05-11 05:00,5.071699599397407
2025-05-11 06:00,4.391819907296648
2025-05-11 07:00,2.0592661125751306
2025-05-11 08:00,0.6877322588559687
2025-05-11 09:00,0.8908763184489497
2025-05-11 10:00,2.2507581243741477
2025-05-11 11:00,8.759569057520846
2025-05-11 12:00,12.421214605039848
2025-05-11 13:00,13.944333176035279
2025-05-11 14:00,12.525804550567932
2025-05-11 15:00,9.46794067826922
2025-05-11 16:00,6.393775894333655
2025-05-11 17:00,1.835219593681832
2025-05-11 18:00,3.192055254525238
2025-05-11 19:00,0.8508773272129343
2025-05-11 20:00,3.8638136200308333
2025-05-11 21:00,11.119426007100211
2025-05-11 22:00,6.57705411198455
2025-05-11 23:00,7.353312463204339
2025-05-12 00:00,8.577491605165823
2025-05-12 01:00,8.523539319570578
2025-05-12 02:00,16.457680892904424
2025-05-12 03:00,17.431472497614365
2025-05-12 04:00,16.759297618976042
2025-05-12 05:00,10.760257669929466
2025-05-12 06:00,5.96982080756331
2025-05-12 07:00,9.099172474255251
2025-05-12 08:00,11.701959337269425
2025-05-12 09:00,7.813202589860066
2025-05-12 10:00,4.677003662501894
2025-05-12 11:00,9.440389313796613
2025-05-12 12:00,15.346362258491334
2025-05-12 13:00,18.736243899948985
2025-05-12 14:00,16.739491336616865
2025-05-12 15:00,18.749913796044645
2025-05-12 16:00,21.10032213301453
2025-05-12 17:00,31.296080401507385
2025-05-12 18:00,27.41318407293153
2025-05-12 19:00,25.87549317717705
2025-05-12 20:00,24.95642950702256
2025-05-12 21:00,27.129552084599577
2025-05-12 22:00,32.60083277006348
2025-05-12 23:00,36.493957215542565
2025-05-13 00:00,34.0311020749073
2025-05-13 01:00,33.865088696246076
2025-05-13 02:00,36.17655408099468
2025-05-13 03:00,24.42498721850403
2025-05-13 04:00,35.69233480229754
2025-05-13 05:00,38.44897459507751
2025-05-13 06:00,28.833660609074595
2025-05-13 07:00,22.20140799839109
2025-05-13 08:00,27.887020974631717
2025-05-13 09:00,36.41570471494474
2025-05-13 10:00,31.083052620951527
2025-05-13 11:00,33.6373014294817
2025-05-13 12:00,37.44537246831263
2025-05-13 13:00,36.33042261090823
2025-05-13 14:00,35.35071333467342
2025-05-13 15:00,29.447761789826632
2025-05-13 16:00,31.601213396179386
2025-05-13 17:00,38.83836712234807
2025-05-13 18:00,31.573929978686007
2025-05-13 19:00,16.902472490561433
2025-05-13 20:00,16.77383686324225
2025-05-13 21:00,16.62110699331084
2025-05-13 22:00,6.240930787607592
2025-05-13 23:00,5.467510664267804
2025-05-14 00:00,18.357899426525428
2025-05-14 01:00,12.155287320515649
2025-05-14 02:00,9.929236236261547
2025-05-14 03:00,11.771360414397295
2025-05-14 04:00,9.46119663580201
2025-05-14 05:00,7.573594446137985
2025-05-14 06:00,7.51548775052076
2025-05-14 07:00,4.946521806445373
2025-05-14 08:00,3.576486765546121
2025-05-14 09:00,14.171979964595241
2025-05-14 10:00,12.690819576860246
2025-05-14 11:00,19.157133636863858
2025-05-14 12:00,20.82450213887813
2025-05-14 13:00,20.402050915529067
2025-05-14 14:00,22.900257945436763
2025-05-14 15:00,20.870676089990976
2025-05-14 16:00,27.134894756230622
2025-05-14 17:00,35.03985471152353
2025-05-14 18:00,28.730532539139688
2025-05-14 19:00,36.72078475668686
2025-05-14 20:00,37.061788898529066
2025-05-14 21:00,29.02957624842128
2025-05-14 22:00,32.522470274432564
2025-05-14 23:00,36.014702397196686
2025-05-15 00:00,39.901692584645815
2025-05-15 01:00,40.05436067139979
2025-05-15 02:00,47.813616345281034
2025-05-15 03:00,49.405924301794514
2025-05-15 04:00,34.56969867058745
2025-05-15 05:00,25.135974567850145
2025-05-15 06:00,36.2152315645711
2025-05-15 07:00,34.107038044991555
2025-05-15 08:00,22.474223821229465
2025-05-15 09:00,13.765857431842708
2025-05-15 10:00,15.193031964334342
2025-05-15 11:00,14.493464704843664
2025-05-15 12:00,11.927509938780394
2025-05-15 13:00,11.878460014772216
2025-05-15 14:00,11.402421474472835
2025-05-15 15:00,10.189335645657074
2025-05-15 16:00,10.70935961595732
2025-05-15 17:00,12.815009730153376
2025-05-15 18:00,13.75997591760893
2025-05-15 19:00,14.254967468027855
2025-05-15 20:00,14.56375082610174
2025-05-15 21:00,16.12168454254826
2025-05-15 22:00,15.740052111846829
2025-05-15 23:00,17.970903319023883
2025-05-16 00:00,6.114436159444885
2025-05-16 01:00,4.58159516710941
2025-05-16 02:00,5.439705986802048
2025-05-16 03:00,9.003532247606467
2025-05-16 04:00,3.6812515855365793
2025-05-16 05:00,6.748123007463744
2025-05-16 06:00,7.0232607178699356
2025-05-16 07:00,12.898428011859679
2025-05-16 08:00,13.134745189515549
2025-05-16 09:00,14.017771519194962
2025-05-16 10:00,16.556926826545368
2025-05-16 11:00,7.735325587476096
2025-05-16 12:00,8.875512770647745
2025-05-16 13:00,17.84425406866607
2025-05-16 14:00,1.6277462399070797
2025-05-16 15:00,18.292769835966702
2025-05-16 16:00,22.665598024446336
2025-05-16 17:00,33.788895673815276
2025-05-16 18:00,25.99286447505827
2025-05-16 19:00,36.13854978867411
2025-05-16 20:00,29.48996713651467
2025-05-16 21:00,37.246303957836545
2025-05-16 22:00,29.226030031287962
2025-05-16 23:00,32.67725172641221
2025-05-17 00:00,16.617107422279883
2025-05-17 01:00,6.939480962683767
2025-05-17 02:00,3.7753745104214183
2025-05-17 03:00,1.3831547564443487
2025-05-17 04:00,3.7792767422610214
2025-05-17 05:00,3.448861819433702
2025-05-17 06:00,4.755238403512681
2025-05-17 07:00,1.8582366880954457
2025-05-17 08:00,2.0447037959666603
2025-05-17 09:00,2.304397166994115
2025-05-17 10:00,1.0324624526114812
2025-05-17 11:00,0.5605841575707649
2025-05-17 12:00,1.1582009598404202
2025-05-17 13:00,1.266302572246289
2025-05-17 14:00,2.162065129443979
2025-05-17 15:00,5.868400934577944
2025-05-17 16:00,17.38111336577026
2025-05-17 17:00,28.322885935339887
2025-05-17 18:00,23.968877700893707
2025-05-17 19:00,25.435407163965788
2025-05-17 20:00,11.453880483073931
2025-05-17 21:00,6.692313001117213
2025-05-17 22:00,14.848108644954685
2025-05-17 23:00,13.419605898550387
2025-05-18 00:00,10.868452640752663
2025-05-18 01:00,7.271639918931992
2025-05-18 02:00,8.845535815655992
2025-05-18 03:00,8.238203387891492
2025-05-18 04:00,6.867587027124965
2025-05-18 05:00,6.466448930622497
2025-05-18 06:00,1.8795650327891886
2025-05-18 07:00,6.450369216053167
2025-05-18 08:00,5.1306630983547965
2025-05-18 09:00,0.909449747439687
2025-05-18 10:00,0.9636016314443321
2025-05-18 11:00,0.6424313572285828
2025-05-18 12:00,3.277083375658019
2025-05-18 13:00,3.7110787501779656
2025-05-18 14:00,4.5421925602476865
2025-05-18 15:00,4.669841840916144
2025-05-18 16:00,4.69918107787939
2025-05-18 17:00,4.786432983142404
2025-05-18 18:00,1.2268634159940774
2025-05-18 19:00,0.2526677330253705
2025-05-18 20:00,0.0692783018243604
2025-05-18 21:00,0.028564183396288995
2025-05-18 22:00,0.029514339148696805
2025-05-18 23:00,0.10021821242882711
2025-05-19 00:00,0.24364850477413735
2025-05-19 01:00,0.22501637002279623
2025-05-19 02:00,2.2100832167761117
2025-05-19 03:00,18.557629261933403
2025-05-19 04:00,3.2401246406922186
2025-05-19 05:00,1.670686916588785
2025-05-19 06:00,12.850909250573137
2025-05-19 07:00,21.65181864376118
2025-05-19 08:00,46.1312385589912
2025-05-19 09:00,43.60314607443692
2025-05-19 10:00,39.807582656407845
2025-05-19 11:00,52.066283903184356
2025-05-19 12:00,52.56770773273169
2025-05-19 13:00,52.585321839972536
2025-05-19 14:00,51.80569173752919
2025-05-19 15:00,52.24647169964983
2025-05-19 16:00,50.29808941771829
2025-05-19 17:00,47.79461127680649
2025-05-19 18:00,44.89309971523462
2025-05-19 19:00,44.61929542594685
2025-05-19 20:00,40.43640255952928
2025-05-19 21:00,40.29937553475641
2025-05-19 22:00,40.290537411151064
2025-05-19 23:00,34.019371670688045
2025-05-20 00:00,48.33279091649803
2025-05-20 01:00,49.57115068288115
2025-05-20 02:00,46.35586339390163
2025-05-20 03:00,47.72924132381821
2025-05-20 04:00,40.69593335627022
2025-05-20 05:00,37.23646578685319
2025-05-20 06:00,42.68797164477906
2025-05-20 07:00,43.52056090435968
2025-05-20 08:00,36.66765463959457
2025-05-20 09:00,37.85670633239418
2025-05-20 10:00,28.1633166688672
2025-05-20 11:00,24.98170520725447
2025-05-20 12:00,23.43909604104865
2025-05-20 13:00,23.112272861737942
2025-05-20 14:00,23.587564523251107
2025-05-20 15:00,27.480585494506684
2025-05-20 16:00,25.260554514800106
2025-05-20 17:00,34.189656365686346
2025-05-20 18:00,23.963454898343876
2025-05-20 19:00,21.013200773420717
2025-05-20 20:00,16.68284580725414
2025-05-20 21:00,18.4726652354121
2025-05-20 22:00,32.18360750457636
2025-05-20 23:00,37.38448440433369
2025-05-21 00:00,31.50968651237693
2025-05-21 01:00,19.231928630910566
2025-05-21 02:00,18.50676497007503
2025-05-21 03:00,16.283048728381928
2025-05-21 04:00,9.26787664980672
2025-05-21 05:00,11.376113630721955
2025-05-21 06:00,12.933347677369
2025-05-21 07:00,21.224991208425095
2025-05-21 08:00,10.249216649076534
2025-05-21 09:00,4.00887627378247
2025-05-21 10:00,2.430416343196811
2025-05-21 11:00,1.9903734509461195
2025-05-21 12:00,1.7031734127432072
2025-05-21 13:00,1.0064748799323664
2025-05-21 14:00,1.3418125605211506
2025-05-21 15:00,1.0494344290236484
2025-05-21 16:00,0.5948799120195957
2025-05-21 17:00,0.7152124542584074
2025-05-21 18:00,1.2530630594037548
2025-05-21 19:00,3.0028034412093882
2025-05-21 20:00,0.5277647761012805
2025-05-21 21:00,0.9495237592966975
2025-05-21 22:00,3.322949998368164
2025-05-21 23:00,2.7960927483509117
2025-05-22 00:00,3.321452446035335
2025-05-22 01:00,4.239616552863366
2025-05-22 02:00,9.078780429286184
2025-05-22 03:00,12.809103643066045
2025-05-22 04:00,2.6663076112573494
2025-05-22 05:00,0.6801702396887686
2025-05-22 06:00,1.3789649513012319
2025-05-22 07:00,1.2734710788955566
2025-05-22 08:00,0.47548158237104377
2025-05-22 09:00,0.4428787905282112
2025-05-22 10:00,0.6444967964250776
2025-05-22 11:00,0.22343710068459371
2025-05-22 12:00,0.5777310317791187
2025-05-22 13:00,4.403204942233694
2025-05-22 14:00,5.789785435179144
2025-05-22 15:00,5.5010619968770555
2025-05-22 16:00,5.291152913868956
2025-05-22 17:00,1.3787754283357507
2025-05-22 18:00,2.4922778589683077
2025-05-22 19:00,0.7108542938632674
2025-05-22 20:00,0.3989172618749651
2025-05-22 21:00,3.022751058571503
2025-05-22 22:00,1.1882968166960441
2025-05-22 23:00,2.0336821445516566
2025-05-23 00:00,3.396408939930945
2025-05-23 01:00,1.839256108363771
2025-05-23 02:00,2.4385385825337846
2025-05-23 03:00,0.48849881719649346
2025-05-23 04:00,1.3765278132706953
2025-05-23 05:00,0.16344178278013732
2025-05-23 06:00,0.3061148168558401
2025-05-23 07:00,0.3011588102543115
2025-05-23 08:00,0.1992533660623692
2025-05-23 09:00,0.0
2025-05-23 10:00,0.031339998051311185
2025-05-23 11:00,0.5955834215850252
2025-05-23 12:00,0.8774931500714853
2025-05-23 13:00,0.3682139703383021
2025-05-23 14:00,0.6836734920960251
2025-05-23 15:00,0.3340264137370622
2025-05-23 16:00,1.203873312118681
2025-05-23 17:00,0.9035370131480893
2025-05-23 18:00,0.13160375579594574
2025-05-23 19:00,0.481253385514242
2025-05-23 20:00,2.011939728959696
2025-05-23 21:00,2.158259157865756
2025-05-23 22:00,2.959474139087105
2025-05-23 23:00,0.08283816092243312
2025-05-24 00:00,0.11655380933647225
2025-05-24 01:00,2.3511541697089777
2025-05-24 02:00,0.09203192257303305
2025-05-24 03:00,1.5529367154983722
2025-05-24 04:00,2.872149002662783
2025-05-24 05:00,3.0259320492210886
2025-05-24 06:00,1.8828707544931622
2025-05-24 07:00,2.9731515132887347
2025-05-24 08:00,0.25315374518488354
2025-05-24 09:00,0.9807193698784997
2025-05-24 10:00,1.574023527441023
2025-05-24 11:00,0.3091380446420757
2025-05-24 12:00,0.686037858935219
2025-05-24 13:00,1.1036367367394575
2025-05-24 14:00,9.859824602240456
2025-05-24 15:00,9.00536511010548
2025-05-24 16:00,9.070602246762018
2025-05-24 17:00,12.05174298718839
2025-05-24 18:00,13.980451808184624
2025-05-24 19:00,8.910794125703822
2025-05-24 20:00,5.864438319797204
2025-05-24 21:00,1.8151897352291426
2025-05-24 22:00,2.659759236529723
2025-05-24 23:00,2.364305687614107
2025-05-25 00:00,13.851394181719279
2025-05-25 01:00,14.520884850264572
2025-05-25 02:00,4.813087676191492
2025-05-25 03:00,3.317036469753072
2025-05-25 04:00,5.915955132712644
2025-05-25 05:00,2.7971057345249366
2025-05-25 06:00,2.8336464647897683
2025-05-25 07:00,1.41760918299834
2025-05-25 08:00,3.4851829082079124
2025-05-25 09:00,0.740206128413101
2025-05-25 10:00,0.6440954994462317
2025-05-25 11:00,2.429933692738658
2025-05-25 12:00,3.3917491105135467
2025-05-25 13:00,5.335598555807528
2025-05-25 14:00,8.706086725474393
2025-05-25 15:00,11.028601931163307
2025-05-25 16:00,9.310710910405893
2025-05-25 17:00,1.4984074587759333
2025-05-25 18:00,0.6198546941933177
2025-05-25 19:00,0.10294826019525533
2025-05-25 20:00,0.0
2025-05-25 21:00,0.0
2025-05-25 22:00,1.9967854464650856
2025-05-25 23:00,3.2962873735074294
2025-05-26 00:00,0.48914777828196665
2025-05-26 01:00,3.2571605987328365
2025-05-26 02:00,1.446697955897749
2025-05-26 03:00,4.299263473547541
2025-05-26 04:00,0.0905102464072578
2025-05-26 05:00,0.21683672057676134
2025-05-26 06:00,0.26099110943539744
2025-05-26 07:00,0.0
2025-05-26 08:00,1.7816041352075889
2025-05-26 09:00,5.878760738300377
2025-05-26 10:00,8.950830229417846
2025-05-26 11:00,8.110645617015518
2025-05-26 12:00,9.081548268564442
2025-05-26 13:00,13.5543372113174
2025-05-26 14:00,11.66371341465579
2025-05-26 15:00,12.621778532943699
2025-05-26 16:00,8.226426165809421
2025-05-26 17:00,10.675913276128815
2025-05-26 18:00,6.359870205859622
2025-05-26 19:00,7.158129612785579
2025-05-26 20:00,8.428356446793778
2025-05-26 21:00,6.4684145756271425
2025-05-26 22:00,5.860068720990869
2025-05-26 23:00,6.19950848939624
2025-05-27 00:00,2.7667342887929918
2025-05-27 01:00,3.1970941625888223
2025-05-27 02:00,4.197538259576747
2025-05-27 03:00,5.604354790713128
2025-05-27 04:00,0.9722466170598192
2025-05-27 05:00,0.6656039032377246
2025-05-27 06:00,2.066522375277443
2025-05-27 07:00,3.157602737693406
2025-05-27 08:00,1.3500825802463168
2025-05-27 09:00,0.15694275284724868
2025-05-27 10:00,0.5833016844983199
2025-05-27 11:00,3.624701218763665
2025-05-27 12:00,6.223868670449473
2025-05-27 13:00,7.938608965641753
2025-05-27 14:00,6.971847434049921
2025-05-27 15:00,7.135747730584272
2025-05-27 16:00,5.481539451355789
2025-05-27 17:00,5.456600400193707
2025-05-27 18:00,0.6702164746745892
2025-05-27 19:00,0.39548912684106347
2025-05-27 20:00,0.0023558087438264575
2025-05-27 21:00,0.0
2025-05-27 22:00,0.15065382575464234
2025-05-27 23:00,0.4365158802775604
2025-05-28 00:00,0.044604435708148316
2025-05-28 01:00,0.0447761437582852
2025-05-28 02:00,0.008094279282616634
2025-05-28 03:00,0.32492891961146597
2025-05-28 04:00,1.1401913837205409
2025-05-28 05:00,1.3814119032271006
2025-05-28 06:00,1.7268517469489215
2025-05-28 07:00,0.08264987014251357
2025-05-28 08:00,0.19881319070901277
2025-05-28 09:00,0.0
2025-05-28 10:00,0.09577583306621343
2025-05-28 11:00,1.3886312719009604
2025-05-28 12:00,3.531088264506151
2025-05-28 13:00,4.706141743762798
2025-05-28 14:00,9.798567821708401
2025-05-28 15:00,10.151555690579183
2025-05-28 16:00,8.652252853498267
2025-05-28 17:00,4.555403517302902
2025-05-28 18:00,2.7070715009561552
2025-05-28 19:00,3.7087064063549486
2025-05-28 20:00,4.558775208863917
2025-05-28 21:00,4.887288610884859
2025-05-28 22:00,2.9814622602675
2025-05-28 23:00,3.3024258745385153
2025-05-29 00:00,0.4085861881559214
2025-05-29 01:00,5.5928493291260715
2025-05-29 02:00,0.1085538270298585
2025-05-29 03:00,0.11636998546254451
2025-05-29 04:00,2.7506263122791283
2025-05-29 05:00,0.799163751894048
2025-05-29 06:00,0.4578391779893778
2025-05-29 07:00,0.0497329897237615
2025-05-29 08:00,0.27850781373599587
2025-05-29 09:00,0.056302482822517576
2025-05-29 10:00,0.2376786907639094
2025-05-29 11:00,0.3723195304459042
2025-05-29 12:00,4.420618891277376
2025-05-29 13:00,10.75991388344078
2025-05-29 14:00,10.715729812823433
2025-05-29 15:00,14.115365231407088
2025-05-29 16:00,16.586471527042637
2025-05-29 17:00,17.956280588100768
2025-05-29 18:00,12.301553210196932
2025-05-29 19:00,9.620968522922482
2025-05-29 20:00,0.28088839849928293
2025-05-29 21:00,0.15968328139030785
2025-05-29 22:00,0.14083124979345807
2025-05-29 23:00,0.06962346990332619
2025-05-30 00:00,0.7401339977247732
2025-05-30 01:00,0.8185571132395295
2025-05-30 02:00,2.6576998800461182
2025-05-30 03:00,0.04280869057856784
2025-05-30 04:00,0.11067814316576455
2025-05-30 05:00,0.12235799662715977
2025-05-30 06:00,0.20911604534155237
2025-05-30 07:00,0.145353575578831
2025-05-30 08:00,0.10951969133223288
2025-05-30 09:00,0.0
2025-05-30 10:00,0.22174708720336175
2025-05-30 11:00,2.45503016499219
2025-05-30 12:00,4.4641429400166235
2025-05-30 13:00,10.11349363580454
2025-05-30 14:00,12.1261483597477
2025-05-30 15:00,10.80046595495867
2025-05-30 16:00,10.283142602090622
2025-05-30 17:00,5.604738872243102
2025-05-30 18:00,1.5619246677905412
2025-05-30 19:00,0.5724021210547413
2025-05-30 20:00,0.7967853212533844
2025-05-30 21:00,0.15215933294376516
2025-05-30 22:00,0.019789855000368117
2025-05-30 23:00,0.23148085065917545
2025-05-31 00:00,2.035754310864877
2025-05-31 01:00,0.07554438262206611
2025-05-31 02:00,0.05405465255587594
2025-05-31 03:00,0.30863783834641045
2025-05-31 04:00,0.3882343179856763
2025-05-31 05:00,0.15276798121796253
2025-05-31 06:00,0.002337058197823927
2025-05-31 07:00,0.004324217096265848
2025-05-31 08:00,0.15333577074735172
2025-05-31 09:00,0.0
2025-05-31 10:00,0.39874357606513344
2025-05-31 11:00,0.7707526990197948
2025-05-31 12:00,0.6903055371401166
2025-05-31 13:00,5.21573139632203
2025-05-31 14:00,7.665995450255834
2025-05-31 15:00,8.38376898066077
2025-05-31 16:00,6.222401525411713
2025-05-31 17:00,3.8338845928837837
2025-05-31 18:00,2.000960987128426
2025-05-31 19:00,2.8168930818807247
2025-05-31 20:00,0.07180791436871087
2025-05-31 21:00,0.024378963561270464
2025-05-31 22:00,0.04844103306581215
2025-05-31 23:00,0.016083970498996958
2025-06-01 00:00,0.07916642487187805
2025-06-01 01:00,0.8202964596667923
2025-06-01 02:00,0.0
2025-06-01 03:00,0.9610970698917625
2025-06-01 04:00,0.22948092597005643
2025-06-01 05:00,1.226007670664241
2025-06-01 06:00,0.30742820945189053
2025-06-01 07:00,0.2827051115579529
2025-06-01 08:00,0.052025145592278554
2025-06-01 09:00,0.09798318365062833
2025-06-01 10:00,0.05262725070093196
2025-06-01 11:00,0.039549874544153166
2025-06-01 12:00,0.29485524604516444
2025-06-01 13:00,4.124303864972233
2025-06-01 14:00,7.103283163645398
2025-06-01 15:00,7.257358706083178
2025-06-01 16:00,5.648792500258519
2025-06-01 17:00,0.9427114409161375
2025-06-01 18:00,1.1784584656825032
2025-06-01 19:00,0.8115827005051666
2025-06-01 20:00,0.4986593927921521
2025-06-01 21:00,0.033644764236510305
2025-06-01 22:00,0.12574171202718382
2025-06-01 23:00,0.4414865238715502
2025-06-02 00:00,0.03853606795591413
2025-06-02 01:00,0.8491524880929571
2025-06-02 02:00,0.18327240223638452
2025-06-02 03:00,0.21348049287534043
2025-06-02 04:00,0.06768826510094539
2025-06-02 05:00,0.10314997930596873
2025-06-02 06:00,0.02427082401666497
2025-06-02 07:00,0.17577646949767756
2025-06-02 08:00,0.2760708688453556
2025-06-02 09:00,0.123263387960674
2025-06-02 10:00,0.1278927817918323
2025-06-02 11:00,3.940357933560684
2025-06-02 12:00,4.250546045463238
2025-06-02 13:00,0.37113023003475515
2025-06-02 14:00,0.18400148117582293
2025-06-02 15:00,0.8264229659161287
2025-06-02 16:00,0.7201698756224193
2025-06-02 17:00,1.3154154584458968
2025-06-02 18:00,0.6381002861134681
2025-06-02 19:00,1.9782126263716968
2025-06-02 20:00,2.6359919449965594
2025-06-02 21:00,3.36208706664831
2025-06-02 22:00,2.813512875175424
2025-06-02 23:00,4.399228557004188
2025-06-03 00:00,2.5183873339380134
2025-06-03 01:00,4.739561697359185
2025-06-03 02:00,4.992869936490456
2025-06-03 03:00,3.0821192504807664
2025-06-03 04:00,3.9216510735317476
2025-06-03 05:00,2.0396829660514566
2025-06-03 06:00,2.3118795091271043
2025-06-03 07:00,5.224735245173639
2025-06-03 08:00,11.625727400565527
2025-06-03 09:00,13.59521399584941
2025-06-03 10:00,14.371032845661162
2025-06-03 11:00,13.30213548184791
2025-06-03 12:00,12.129307170627444
2025-06-03 13:00,13.951921325442267
2025-06-03 14:00,17.20933951984871
2025-06-03 15:00,22.602936425676845
2025-06-03 16:00,22.021608507367787
2025-06-03 17:00,16.375619598926765
2025-06-03 18:00,12.786921471864483
2025-06-03 19:00,5.61177707426143
2025-06-03 20:00,1.2832711965917312
2025-06-03 21:00,2.7471561542195535
2025-06-03 22:00,5.938509217785871
2025-06-03 23:00,14.266605519264663
2025-06-04 00:00,20.508187521807766
2025-06-04 01:00,19.97366583178642
2025-06-04 02:00,18.285943104162516
2025-06-04 03:00,19.604345041276297
2025-06-04 04:00,14.713271707894597
2025-06-04 05:00,19.54607835802288
2025-06-04 06:00,17.509564932502194
2025-06-04 07:00,13.948081188690196
2025-06-04 08:00,24.014557096543008
2025-06-04 09:00,27.805850734231605
2025-06-04 10:00,15.224686911083719
2025-06-04 11:00,10.87767743699345
2025-06-04 12:00,11.546467505128414
2025-06-04 13:00,9.054155958992336
2025-06-04 14:00,14.494613067787819
2025-06-04 15:00,15.009218647423214
2025-06-04 16:00,16.481296772008026
2025-06-04 17:00,11.040245683733902
2025-06-04 18:00,9.055477842348783
2025-06-04 19:00,3.987547719150079
2025-06-04 20:00,3.6415924805800977
2025-06-04 21:00,6.559724648263385
2025-06-04 22:00,2.8662435017635026
2025-06-04 23:00,5.294964208388153
2025-06-05 00:00,1.7840085971325794
2025-06-05 01:00,1.0914137526212928
2025-06-05 02:00,0.9839410961214261
2025-06-05 03:00,0.5360785397018182
2025-06-05 04:00,1.9649513504456357
2025-06-05 05:00,4.831042223444203
2025-06-05 06:00,3.004092518118653
2025-06-05 07:00,4.686071421883108
2025-06-05 08:00,1.9271536651289962
2025-06-05 09:00,0.21364675812649334
2025-06-05 10:00,1.1243385097598915
2025-06-05 11:00,1.7527824537158476
2025-06-05 12:00,4.387868397101069
2025-06-05 13:00,10.447352819100946
2025-06-05 14:00,13.723523951803436
2025-06-05 15:00,12.65107858848194
2025-06-05 16:00,10.223611332327092
2025-06-05 17:00,20.017633880678424
2025-06-05 18:00,22.462712836841497
2025-06-05 19:00,21.72327296651026
2025-06-05 20:00,22.21385014005541
2025-06-05 21:00,25.35106751602977
2025-06-05 22:00,30.181033073577446
2025-06-05 23:00,25.14821535690358
2025-06-06 00:00,23.642385306097587
2025-06-06 01:00,26.087185071604516
2025-06-06 02:00,38.45871806144912
2025-06-06 03:00,38.213138729622045
2025-06-06 04:00,35.2321134651366
2025-06-06 05:00,34.19728078578197
2025-06-06 06:00,33.398632056854034
2025-06-06 07:00,22.747706541325034
2025-06-06 08:00,17.81013017035744
2025-06-06 09:00,23.064734489924817
2025-06-06 10:00,12.419129363721252
2025-06-06 11:00,15.52450099476901
2025-06-06 12:00,12.71778298697691
2025-06-06 13:00,7.553670018095545
2025-06-06 14:00,11.935493623175425
2025-06-06 15:00,8.048024426803131
2025-06-06 16:00,21.94271549961213
2025-06-06 17:00,21.578748224098703
2025-06-06 18:00,23.73003617638619
2025-06-06 19:00,21.788934267475287
2025-06-06 20:00,6.201779000640528
2025-06-06 21:00,5.788960080557999
2025-06-06 22:00,8.208649877681403
2025-06-06 23:00,12.117290399970539
2025-06-07 00:00,27.40144594990518
2025-06-07 01:00,17.0681364829571
2025-06-07 02:00,13.690878213730587
2025-06-07 03:00,20.46811084283494
2025-06-07 04:00,20.50984832247562
2025-06-07 05:00,20.90631185861875
2025-06-07 06:00,16.925675746792948
2025-06-07 07:00,11.607569045355229
2025-06-07 08:00,10.624941061365009
2025-06-07 09:00,13.59139700473498
2025-06-07 10:00,15.813060332860548
2025-06-07 11:00,19.4614204756692
2025-06-07 12:00,17.468880429195863
2025-06-07 13:00,17.903620887699145
2025-06-07 14:00,16.549647226337818
2025-06-07 15:00,9.91654725602316
2025-06-07 16:00,8.872602981910882
2025-06-07 17:00,12.369991788450362
2025-06-07 18:00,10.083109845018946
2025-06-07 19:00,4.71106945946225
2025-06-07 20:00,0.9842601873646919
2025-06-07 21:00,0.47599511759739294
2025-06-07 22:00,1.0031699368548415
2025-06-07 23:00,0.689484701385866
2025-06-08 00:00,0.30813980910741146
2025-06-08 01:00,0.28143014098519914
2025-06-08 02:00,0.25282200218258044
2025-06-08 03:00,0.6470213663741677
2025-06-08 04:00,0.7271325330160012
2025-06-08 05:00,0.7015683449686535
2025-06-08 06:00,0.7992632230814599
2025-06-08 07:00,0.43137090344231105
2025-06-08 08:00,0.05195108631773765
2025-06-08 09:00,0.14131542348478734
2025-06-08 10:00,0.029963938061159958
2025-06-08 11:00,0.037702904289676036
2025-06-08 12:00,0.020188371748804834
2025-06-08 13:00,0.5702059509958776
2025-06-08 14:00,4.413054060417438
2025-06-08 15:00,11.227689982603192
2025-06-08 16:00,6.9420837070549535
2025-06-08 17:00,5.757496980256562
2025-06-08 18:00,4.127518132521749
2025-06-08 19:00,0.5807973291396293
2025-06-08 20:00,0.004981848495623114
2025-06-08 21:00,0.022180629829768022
2025-06-08 22:00,0.0017206696239613298
2025-06-08 23:00,0.0
2025-06-09 00:00,1.2757555274696097
2025-06-09 01:00,0.15940323364514397
2025-06-09 02:00,0.10815481825246209
2025-06-09 03:00,0.20502326334889887
2025-06-09 04:00,1.0421636528307614
2025-06-09 05:00,0.2989370453706863
2025-06-09 06:00,1.2350105976899692
2025-06-09 07:00,2.1670565361806653
2025-06-09 08:00,3.4662846380731698
2025-06-09 09:00,1.9986990482277232
2025-06-09 10:00,2.3682013123815366
2025-06-09 11:00,0.2800535773723665
2025-06-09 12:00,0.1744616001492637
2025-06-09 13:00,0.74179332284637
2025-06-09 14:00,6.438637778035259
2025-06-09 15:00,5.066942237448665
2025-06-09 16:00,5.61672028965929
2025-06-09 17:00,5.025215328546867
2025-06-09 18:00,3.6475593746684583
2025-06-09 19:00,0.20700487668705742
2025-06-09 20:00,0.00555596569859621
2025-06-09 21:00,0.013769544546263529
2025-06-09 22:00,0.04954094818816679
2025-06-09 23:00,0.6051988025258639
2025-06-10 00:00,0.26720575562567417
2025-06-10 01:00,0.17247442792342826
2025-06-10 02:00,0.3231552171659984
2025-06-10 03:00,7.468478586310399
2025-06-10 04:00,16.929844511202287
2025-06-10 05:00,18.488314286768063
2025-06-10 06:00,9.656660758247188
2025-06-10 07:00,11.866347187292714
2025-06-10 08:00,2.8708940491765014
2025-06-10 09:00,0.02796784392677589
2025-06-10 10:00,0.1982234772919454
2025-06-10 11:00,4.0482191734315425
2025-06-10 12:00,1.1280608928416935
2025-06-10 13:00,11.05241631087692
2025-06-10 14:00,5.226447648211095
2025-06-10 15:00,6.821190470039535
2025-06-10 16:00,8.208615289360278
2025-06-10 17:00,1.3340335031417694
2025-06-10 18:00,1.170099028402718
2025-06-10 19:00,0.5497076716939909
2025-06-10 20:00,0.35317979147427503
2025-06-10 21:00,0.8079253827212366
2025-06-10 22:00,0.6624790468494806
2025-06-10 23:00,1.049779805976594
2025-06-11 00:00,0.1859805004857056
2025-06-11 01:00,0.15552277546053925
2025-06-11 02:00,1.2379240323007628
2025-06-11 03:00,1.0171188103144373
2025-06-11 04:00,0.4989376792405501
2025-06-11 05:00,1.440083190191356
2025-06-11 06:00,0.12856507568404096
2025-06-11 07:00,0.7911629663282833
2025-06-11 08:00,0.6601543913634713
2025-06-11 09:00,1.3581995613620033
2025-06-11 10:00,1.7025115673998295
2025-06-11 11:00,6.664848775880726
2025-06-11 12:00,8.951849518740483
2025-06-11 13:00,8.937758216931142
2025-06-11 14:00,9.98625121210052
2025-06-11 15:00,12.836140924206603
2025-06-11 16:00,13.865585095462
2025-06-11 17:00,12.065503444742859
2025-06-11 18:00,8.047992124727667
2025-06-11 19:00,4.937751077153979
2025-06-11 20:00,0.04451403327538178
2025-06-11 21:00,0.0274624895186132
2025-06-11 22:00,0.003273719303825577
2025-06-11 23:00,0.1114291775018239
2025-06-12 00:00,0.402809608887422
2025-06-12 01:00,0.2876716216059747
2025-06-12 02:00,0.3096138051908612
2025-06-12 03:00,0.7929710100561207
2025-06-12 04:00,0.8277602996128963
2025-06-12 05:00,0.3774666898928568
2025-06-12 06:00,0.1206291861483153
2025-06-12 07:00,0.11783091726752576
2025-06-12 08:00,0.11888358861056617
2025-06-12 09:00,0.1919809369330842
2025-06-12 10:00,0.1133529800367039
2025-06-12 11:00,0.08337982667114865
2025-06-12 12:00,0.0841377192165118
2025-06-12 13:00,0.18141104613661546
2025-06-12 14:00,0.5998943378503988
2025-06-12 15:00,0.6572101842371117
2025-06-12 16:00,3.9865522731193694
2025-06-12 17:00,12.615922154413923
2025-06-12 18:00,8.14305959476843
2025-06-12 19:00,6.985373835066984
2025-06-12 20:00,5.618334287013817
2025-06-12 21:00,1.0719883295668733
2025-06-12 22:00,0.16448449284068978
2025-06-12 23:00,0.36435756373685957
2025-06-13 00:00,0.2686912487857842
2025-06-13 01:00,0.1950901066958035
2025-06-13 02:00,0.048696708357689245
2025-06-13 03:00,0.21079163219289
2025-06-13 04:00,0.11675325329153032
2025-06-13 05:00,0.044817497491707936
2025-06-13 06:00,0.9374537310040048
2025-06-13 07:00,1.0622564179631306
2025-06-13 08:00,0.021115249411690445
2025-06-13 09:00,0.21850280851614176
2025-06-13 10:00,0.1294599004578979
2025-06-13 11:00,0.03974797562995843
2025-06-13 12:00,0.14898319190892795
2025-06-13 13:00,1.4521002113808827
2025-06-13 14:00,6.560994643289867
2025-06-13 15:00,10.911391283281265
2025-06-13 16:00,12.952875965076277
2025-06-13 17:00,2.848384724955231
2025-06-13 18:00,1.3167172153374889
2025-06-13 19:00,4.878522574730078
2025-06-13 20:00,10.604049033990773
2025-06-13 21:00,21.586919600494205
2025-06-13 22:00,23.678047690937124
2025-06-13 23:00,33.3315509377704
2025-06-14 00:00,8.290614869753437
2025-06-14 01:00,16.493669621965914
2025-06-14 02:00,12.65103469645938
2025-06-14 03:00,21.547127885674485
2025-06-14 04:00,32.20709705981092
2025-06-14 05:00,31.213863024736305
2025-06-14 06:00,27.373557881747686
2025-06-14 07:00,11.488067775356393
2025-06-14 08:00,13.373603575362981
2025-06-14 09:00,21.896539401116794
2025-06-14 10:00,25.37045867256186
2025-06-14 11:00,18.01450235072315
2025-06-14 12:00,18.51888133464795
2025-06-14 13:00,12.985682009250402
2025-06-14 14:00,12.906271431803138
2025-06-14 15:00,15.66434132343809
2025-06-14 16:00,14.251562792225709
2025-06-14 17:00,9.916249486469502
2025-06-14 18:00,2.861795338445687
2025-06-14 19:00,3.229890237543519
2025-06-14 20:00,2.0735171877304364
2025-06-14 21:00,1.0927179700879883
2025-06-14 22:00,0.5136640228044881
2025-06-14 23:00,0.2934621755288134
2025-06-15 00:00,0.5324674617074644
2025-06-15 01:00,2.251761440001334
2025-06-15 02:00,2.6583276599961345
2025-06-15 03:00,1.8568784195662442
2025-06-15 04:00,6.650658172054231
2025-06-15 05:00,6.587003207718718
2025-06-15 06:00,5.0233780527274075
2025-06-15 07:00,9.978093090992425
2025-06-15 08:00,12.35707249084383
2025-06-15 09:00,2.9585785244119247
2025-06-15 10:00,1.7281021173796045
2025-06-15 11:00,10.36959428310262
2025-06-15 12:00,21.10433173301287
2025-06-15 13:00,23.23821651339228
2025-06-15 14:00,22.15098700125575
2025-06-15 15:00,21.96942946585029
2025-06-15 16:00,37.7445158548542
2025-06-15 17:00,43.824102379488124
2025-06-15 18:00,45.40568314801381
2025-06-15 19:00,49.67482019339231
2025-06-15 20:00,49.337587576728296
2025-06-15 21:00,47.687956881113315
2025-06-15 22:00,47.17455780713888
2025-06-15 23:00,41.23527680734387
2025-06-16 00:00,46.35858133541487
2025-06-16 01:00,45.646857962059265
2025-06-16 02:00,38.484633468213815
2025-06-16 03:00,49.313422966347375
2025-06-16 04:00,49.774571895958815
2025-06-16 05:00,38.92059929352703
2025-06-16 06:00,23.555491335159218
2025-06-16 07:00,32.990826492325326
2025-06-16 08:00,38.66379309130001
2025-06-16 09:00,25.09967848330733
2025-06-16 10:00,32.31711281926868
2025-06-16 11:00,39.38885903423774
2025-06-16 12:00,44.7139987365161
2025-06-16 13:00,46.771215874165314
2025-06-16 14:00,35.69231012101078
2025-06-16 15:00,34.750254132380604
2025-06-16 16:00,43.2877616959844
2025-06-16 17:00,50.82059595962399
2025-06-16 18:00,49.31592321999848
2025-06-16 19:00,49.51724534584341
2025-06-16 20:00,47.8679753705629
2025-06-16 21:00,42.78674905316319
2025-06-16 22:00,43.93456099658046
2025-06-16 23:00,40.14040289895527
2025-06-17 00:00,33.498656280964966
2025-06-17 01:00,43.01038231112886
2025-06-17 02:00,42.135210482999
2025-06-17 03:00,48.02132841316124
2025-06-17 04:00,48.931042266222676
2025-06-17 05:00,50.8798602495434
2025-06-17 06:00,49.63135759420668
2025-06-17 07:00,47.20068079539298
2025-06-17 08:00,51.06472503462315
2025-06-17 09:00,49.25584745547477
2025-06-17 10:00,37.321049688621784
2025-06-17 11:00,32.15920128437497
2025-06-17 12:00,33.44950537694848
2025-06-17 13:00,33.774695376026294
2025-06-17 14:00,37.82487081968557
2025-06-17 15:00,36.11326550279861
2025-06-17 16:00,29.71563774047396
2025-06-17 17:00,35.24497867041062
2025-06-17 18:00,35.68396602856245
2025-06-17 19:00,32.02733961388281
2025-06-17 20:00,24.12293347888916
2025-06-17 21:00,17.96138356457959
2025-06-17 22:00,14.999781929331743
2025-06-17 23:00,15.072818865481956
2025-06-18 00:00,20.27710630457084
2025-06-18 01:00,28.274278556246664
2025-06-18 02:00,23.266891638301928
2025-06-18 03:00,19.79155324209332
2025-06-18 04:00,12.991164568633803
2025-06-18 05:00,7.174923035568832
2025-06-18 06:00,3.5915852744578425
2025-06-18 07:00,3.8342670316060676
2025-06-18 08:00,0.6863404397450852
2025-06-18 09:00,0.05522188055145283
2025-06-18 10:00,0.12140927612690883
2025-06-18 11:00,0.5595323165865703
2025-06-18 12:00,0.7846913493699006
2025-06-18 13:00,0.908374723840708
2025-06-18 14:00,0.8452626361972164
2025-06-18 15:00,4.855536596425218
2025-06-18 16:00,4.2427695466271
2025-06-18 17:00,0.5326785341835798
2025-06-18 18:00,0.7936156479047448
2025-06-18 19:00,0.7699513711452799
2025-06-18 20:00,0.1316312271682274
2025-06-18 21:00,0.6033811904294466
2025-06-18 22:00,2.6975971384979665
2025-06-18 23:00,1.2790518396427077
2025-06-19 00:00,2.3624947712786293
2025-06-19 01:00,3.0018545548728097
2025-06-19 02:00,3.718291759026023
2025-06-19 03:00,2.641086039118243
2025-06-19 04:00,1.1028897519765986
2025-06-19 05:00,0.2579875078917353
2025-06-19 06:00,1.624974721678463
2025-06-19 07:00,2.734388661028766
2025-06-19 08:00,0.48741254942192214
2025-06-19 09:00,0.020260668226991227
2025-06-19 10:00,0.7937833881911588
2025-06-19 11:00,1.4952380783807528
2025-06-19 12:00,6.573781331105784
2025-06-19 13:00,5.703011883819025
2025-06-19 14:00,8.924585858919528
2025-06-19 15:00,13.925832627073603
2025-06-19 16:00,15.251435349343152
2025-06-19 17:00,25.363021496705233
2025-06-19 18:00,19.890056386392455
2025-06-19 19:00,21.836446822422904
2025-06-19 20:00,25.049443247311295
2025-06-19 21:00,27.208203279617056
2025-06-19 22:00,26.602089837736692
2025-06-19 23:00,24.192399992404347
2025-06-20 00:00,44.59039901662128
2025-06-20 01:00,47.7977734332694
2025-06-20 02:00,50.13178916510857
2025-06-20 03:00,41.361215181661024
2025-06-20 04:00,37.49425145354906
2025-06-20 05:00,45.72189061561102
2025-06-20 06:00,50.76638609011463
2025-06-20 07:00,46.734745880516115
2025-06-20 08:00,44.86424266425935
2025-06-20 09:00,52.07256804872309
2025-06-20 10:00,50.460448816382495
2025-06-20 11:00,50.67167206459925
2025-06-20 12:00,50.13857294131142
2025-06-20 13:00,49.59280221983058
2025-06-20 14:00,49.887801528080814
2025-06-20 15:00,51.568006556758014
2025-06-20 16:00,53.85293016667986
2025-06-20 17:00,53.02846481175902
2025-06-20 18:00,52.3956334694549
2025-06-20 19:00,51.81600921509822
2025-06-20 20:00,52.09985418503507
2025-06-20 21:00,50.92407365618551
2025-06-20 22:00,51.51697565087102
2025-06-20 23:00,51.25125353674577
2025-06-21 00:00,48.348590925078454
2025-06-21 01:00,50.29332687725832
2025-06-21 02:00,48.563501758979605
2025-06-21 03:00,46.37133393805459
2025-06-21 04:00,39.740625323167535
2025-06-21 05:00,40.489210885681125
2025-06-21 06:00,36.56306642652032
2025-06-21 07:00,37.562042768893036
2025-06-21 08:00,39.503333518189635
2025-06-21 09:00,30.549282671782706
2025-06-21 10:00,31.579111644514654
2025-06-21 11:00,26.314488734915873
2025-06-21 12:00,24.402384967521712
2025-06-21 13:00,14.168194193799351
2025-06-21 14:00,16.401632972832545
2025-06-21 15:00,34.72159556845911
2025-06-21 16:00,45.03996836707492
2025-06-21 17:00,24.987003979515684
2025-06-21 18:00,14.985880684584245
2025-06-21 19:00,6.676659090237093
2025-06-21 20:00,1.8353317439510866
2025-06-21 21:00,0.34412048778670845
2025-06-21 22:00,0.009181820885008019
2025-06-21 23:00,0.04966137355988631
2025-06-22 00:00,1.7470793251488645
2025-06-22 01:00,0.0
2025-06-22 02:00,0.10641855657009525
2025-06-22 03:00,0.2686304535375131
2025-06-22 04:00,0.12354300901307391
2025-06-22 05:00,1.1588927300684593
2025-06-22 06:00,1.5179536557865156
2025-06-22 07:00,0.3538264849678626
2025-06-22 08:00,0.09642407896379351
2025-06-22 09:00,0.02429653514337007
2025-06-22 10:00,0.04769706877678422
2025-06-22 11:00,0.2723841791507822
2025-06-22 12:00,0.6000263140162162
2025-06-22 13:00,4.644906725792248
2025-06-22 14:00,4.644906725792248
2025-06-22 15:00,3.734723980404968
2025-06-22 16:00,3.634053007803544
2025-06-22 17:00,3.4181347771575323
2025-06-22 18:00,2.068084905089362
2025-06-22 19:00,0.4506152725152145
2025-06-22 20:00,0.003040777082867987
2025-06-22 21:00,0.0004977685494627071
2025-06-22 22:00,0.0
2025-06-22 23:00,0.012171749797156595
2025-06-23 00:00,0.04002532314011925
2025-06-23 01:00,0.09743332571103994
2025-06-23 02:00,0.0593592791554656
2025-06-23 03:00,0.11355737074840216
2025-06-23 04:00,0.6442197829627341
2025-06-23 05:00,1.0036647440846287
2025-06-23 06:00,0.7188733307443332
2025-06-23 07:00,0.18292739196201338
2025-06-23 08:00,0.32423026051219134
2025-06-23 09:00,0.3228839507231702
2025-06-23 10:00,0.6308691992664255
2025-06-23 11:00,2.684733503131147
2025-06-23 12:00,2.127770145883482
2025-06-23 13:00,0.6255672172821697
2025-06-23 14:00,0.3732279404343404
2025-06-23 15:00,0.70572303620622
2025-06-23 16:00,1.8680525465406426
2025-06-23 17:00,1.2088420504908415
2025-06-23 18:00,0.8652670418573983
2025-06-23 19:00,2.428426450701056
2025-06-23 20:00,1.603370486241465
2025-06-23 21:00,7.0186178376628945
2025-06-23 22:00,4.549573834611692
2025-06-23 23:00,1.4624517600585447
2025-06-24 00:00,2.1868796641617463
2025-06-24 01:00,2.1924451307392143
2025-06-24 02:00,1.2928960533699394
2025-06-24 03:00,0.5374113592035348
2025-06-24 04:00,2.6728303382893968
2025-06-24 05:00,3.9519826025171856
2025-06-24 06:00,0.37967899261750016
2025-06-24 07:00,0.43568429481089477
2025-06-24 08:00,0.8953048229335019
2025-06-24 09:00,0.35376833455806794
2025-06-24 10:00,0.4716195495719615
2025-06-24 11:00,0.1345173352663731
2025-06-24 12:00,0.812128739964414
2025-06-24 13:00,0.6270286527935766
2025-06-24 14:00,0.07082774232891538
2025-06-24 15:00,0.0318302040313769
2025-06-24 16:00,0.0
2025-06-24 17:00,0.010531177913306594
2025-06-24 18:00,0.3554605772902617
2025-06-24 19:00,0.3682344817248685
2025-06-24 20:00,0.6005724591187132
2025-06-24 21:00,2.15163100525384
2025-06-24 22:00,5.536400533272511
2025-06-24 23:00,0.9117423687902961
2025-06-25 00:00,0.5224340952136279
2025-06-25 01:00,0.9246631591216001
2025-06-25 02:00,0.6362292938896753
2025-06-25 03:00,0.3780617671617371
2025-06-25 04:00,0.806771360722359
2025-06-25 05:00,0.8478084781211941
2025-06-25 06:00,5.680893473998925
2025-06-25 07:00,4.926403901170341
2025-06-25 08:00,2.2734743085595106
2025-06-25 09:00,1.4321875701427875
2025-06-25 10:00,1.560716804822879
2025-06-25 11:00,2.4737154347423407
2025-06-25 12:00,10.516523949538536
2025-06-25 13:00,8.195912850735919
2025-06-25 14:00,4.833741151737106
2025-06-25 15:00,8.456149927779915
2025-06-25 16:00,15.910755767696873
2025-06-25 17:00,28.05622980490545
2025-06-25 18:00,32.14429445931462
2025-06-25 19:00,25.30837709285921
2025-06-25 20:00,22.912269178110233
2025-06-25 21:00,22.466616869946357
2025-06-25 22:00,13.704548612154792
2025-06-25 23:00,11.398972119960572
2025-06-26 00:00,12.820042841369073
2025-06-26 01:00,15.428415706111688
2025-06-26 02:00,16.331720469316767
2025-06-26 03:00,6.059439531568501
2025-06-26 04:00,6.470133585247915
2025-06-26 05:00,7.439418123656974
2025-06-26 06:00,2.8769877981447065
2025-06-26 07:00,5.130485699549205
2025-06-26 08:00,3.163237396789994
2025-06-26 09:00,0.3170176849411051
2025-06-26 10:00,0.6531456835943693
2025-06-26 11:00,0.473254086473849
2025-06-26 12:00,0.3744729935276151
2025-06-26 13:00,0.6405202996931444
2025-06-26 14:00,2.5336754530823504
2025-06-26 15:00,2.242807580805384
2025-06-26 16:00,0.5799197910846308
2025-06-26 17:00,0.495398578231158
2025-06-26 18:00,0.6070919184444091
2025-06-26 19:00,0.48130727642181736
2025-06-26 20:00,0.31372186130424295
2025-06-26 21:00,0.4106738808062953
2025-06-26 22:00,0.8062068207583178
2025-06-26 23:00,0.7823742195870818
2025-06-27 00:00,2.9562751230104407
2025-06-27 01:00,0.94871310370812
2025-06-27 02:00,1.3554442115199365
2025-06-27 03:00,1.4229718324871719
2025-06-27 04:00,0.6284940353768156
2025-06-27 05:00,0.8236992359435047
2025-06-27 06:00,0.9689965394890662
2025-06-27 07:00,0.7995607430835834
2025-06-27 08:00,0.35908197422946825
2025-06-27 09:00,0.28416160308749
2025-06-27 10:00,0.566131600739218
2025-06-27 11:00,1.0897336167817482
2025-06-27 12:00,0.6914344651385901
2025-06-27 13:00,0.6061159460360114
2025-06-27 14:00,0.09927014083901257
2025-06-27 15:00,0.3171466842947072
2025-06-27 16:00,0.39133099973345487
2025-06-27 17:00,0.6304430951895277
2025-06-27 18:00,0.8195288990656442
2025-06-27 19:00,0.6494845390533879
2025-06-27 20:00,3.2968972896366564
2025-06-27 21:00,2.9021541346937196
2025-06-27 22:00,7.0869941181654665
2025-06-27 23:00,4.692053287139055
2025-06-28 00:00,5.972388298998081
2025-06-28 01:00,18.233450220772387
2025-06-28 02:00,12.96986800613536
2025-06-28 03:00,9.987677743536263
2025-06-28 04:00,9.392314078750731
2025-06-28 05:00,5.096276782791753
2025-06-28 06:00,10.701631090980758
2025-06-28 07:00,11.261939812954333
2025-06-28 08:00,8.419656726249102
2025-06-28 09:00,4.6872702596700035
2025-06-28 10:00,4.9446895114488365
2025-06-28 11:00,6.464503874782804
2025-06-28 12:00,10.294455753067679
2025-06-28 13:00,8.295327853509331
2025-06-28 14:00,8.01868708152271
2025-06-28 15:00,9.520785387766589
2025-06-28 16:00,14.774038954141554
2025-06-28 17:00,20.55760338037208
2025-06-28 18:00,17.914505008576505
2025-06-28 19:00,14.653546426276577
2025-06-28 20:00,12.49928206698653
2025-06-28 21:00,17.501471575351328
2025-06-28 22:00,16.161958393193935
2025-06-28 23:00,6.225145261180883
2025-06-29 00:00,11.878652594214412
2025-06-29 01:00,7.371468041121808
2025-06-29 02:00,11.096681414564447
2025-06-29 03:00,8.466347886389228
2025-06-29 04:00,9.201128902414805
2025-06-29 05:00,4.44336102083764
2025-06-29 06:00,1.0855535327987782
2025-06-29 07:00,1.338119712300538
2025-06-29 08:00,8.360498701409202
2025-06-29 09:00,3.328174515700405
2025-06-29 10:00,9.509636556905145
2025-06-29 11:00,9.703172567116509
2025-06-29 12:00,12.398895375549355
2025-06-29 13:00,11.49805308391917
2025-06-29 14:00,13.43983976876887
2025-06-29 15:00,17.016525541369788
2025-06-29 16:00,18.657319046098277
2025-06-29 17:00,27.184755891739574
2025-06-29 18:00,20.949599844446837
2025-06-29 19:00,16.969571110129007
2025-06-29 20:00,8.164063133441228
2025-06-29 21:00,6.779860171465114
2025-06-29 22:00,1.2975638675621033
2025-06-29 23:00,2.9101032623109675
2025-06-30 00:00,3.8332546862991737
2025-06-30 01:00,2.5116727304663646
2025-06-30 02:00,2.5214352884556384
2025-06-30 03:00,0.9933736055474486
2025-06-30 04:00,0.6192902607109062
2025-06-30 05:00,1.2958852490411972
2025-06-30 06:00,1.4791268673113127
2025-06-30 07:00,1.0016128123060803
2025-06-30 08:00,2.0143527560607275
2025-06-30 09:00,0.22796512081698803
2025-06-30 10:00,1.3694605326278042
2025-06-30 11:00,1.170782423534136
2025-06-30 12:00,6.760903344341909
2025-06-30 13:00,6.710140955674327
2025-06-30 14:00,7.649720358482194
2025-06-30 15:00,9.323329437605551
2025-06-30 16:00,10.350002820861206
2025-06-30 17:00,16.172418557154
2025-06-30 18:00,16.29079181073435
2025-06-30 19:00,4.008161317566312
2025-06-30 20:00,4.948519868366792
2025-06-30 21:00,2.165546181321796
2025-06-30 22:00,2.22618987601037
2025-06-30 23:00,3.23525621764698
2025-07-01 00:00,0.9998161829471375
2025-07-01 01:00,4.033694957954925
2025-07-01 02:00,1.8345351332492894
2025-07-01 03:00,5.012835074378031
2025-07-01 04:00,7.509522278079114
2025-07-01 05:00,5.130838990497692
2025-07-01 06:00,2.2830028562622293
2025-07-01 07:00,4.038613916978976
2025-07-01 08:00,3.5588617208502282
2025-07-01 09:00,6.858097154982072
2025-07-01 10:00,3.325524444394499
2025-07-01 11:00,4.928089807882333
2025-07-01 12:00,2.2909722677627964
2025-07-01 13:00,4.987776085965882
2025-07-01 14:00,6.704227261600149
2025-07-01 15:00,6.623018279413319
2025-07-01 16:00,9.175366650897299
2025-07-01 17:00,12.557346103585122
2025-07-01 18:00,10.831691892751333
2025-07-01 19:00,8.155600622776836
2025-07-01 20:00,4.585450142242116
2025-07-01 21:00,4.409094427336937
2025-07-01 22:00,1.3412079417108678
2025-07-01 23:00,3.2556744390798205
2025-07-02 00:00,10.884646520396199
2025-07-02 01:00,10.08107844777862
2025-07-02 02:00,9.857999899484167
2025-07-02 03:00,8.26713559969459
2025-07-02 04:00,6.1064378668563
2025-07-02 05:00,7.291532092192036
2025-07-02 06:00,4.167032083268573
2025-07-02 07:00,10.784458581987183
2025-07-02 08:00,11.222190801106612
2025-07-02 09:00,12.14268398603329
2025-07-02 10:00,9.055409633375065
2025-07-02 11:00,5.726713012870792
2025-07-02 12:00,6.825379018006843
2025-07-02 13:00,15.649455451320494
2025-07-02 14:00,12.372432236223386
2025-07-02 15:00,8.446230039791597
2025-07-02 16:00,6.816298547081669
2025-07-02 17:00,9.747670613813035
2025-07-02 18:00,6.7607776425925294
2025-07-02 19:00,8.406630149400558
2025-07-02 20:00,6.22439184779922
2025-07-02 21:00,2.418971210874524
2025-07-02 22:00,5.858769874748765
2025-07-02 23:00,5.701090093082817
2025-07-03 00:00,4.6768396900640825
2025-07-03 01:00,6.111772295570176
2025-07-03 02:00,5.253493524155155
2025-07-03 03:00,4.4411799072179585
2025-07-03 04:00,13.959959871295943
2025-07-03 05:00,15.077111195738363
2025-07-03 06:00,18.08954054098427
2025-07-03 07:00,13.376561456399802
2025-07-03 08:00,15.749703027258121
2025-07-03 09:00,7.0062551915298785
2025-07-03 10:00,8.918082035441984
2025-07-03 11:00,9.679883271410395
2025-07-03 12:00,11.090540633944505
2025-07-03 13:00,8.602265890340556
2025-07-03 14:00,8.393646932021896
2025-07-03 15:00,8.710372811630677
2025-07-03 16:00,9.392182092971517
2025-07-03 17:00,16.93430820123508
2025-07-03 18:00,18.273135906953357
2025-07-03 19:00,19.659949531981926
2025-07-03 20:00,16.00126308197771
2025-07-03 21:00,11.109322847033324
2025-07-03 22:00,13.991397535428032
2025-07-03 23:00,9.69252052749591
2025-07-04 00:00,14.809255901761528
2025-07-04 01:00,19.854892392318654
2025-07-04 02:00,32.58224096010964
2025-07-04 03:00,35.132589981712925
2025-07-04 04:00,37.946504252474625
2025-07-04 05:00,34.99066306026627
2025-07-04 06:00,24.07612899459442
2025-07-04 07:00,30.390174269454022
2025-07-04 08:00,39.54356721489762
2025-07-04 09:00,33.27846491331272
2025-07-04 10:00,23.70670237946129
2025-07-04 11:00,26.491733886436514
2025-07-04 12:00,29.18562157950935
2025-07-04 13:00,25.586081457911412
2025-07-04 14:00,19.67256743562356
2025-07-04 15:00,23.64904235513705
2025-07-04 16:00,28.688177586694266
2025-07-04 17:00,31.73089427360018
2025-07-04 18:00,37.02594645563371
2025-07-04 19:00,33.42283253736004
2025-07-04 20:00,33.43265313112035
2025-07-04 21:00,31.368428826110396
2025-07-04 22:00,31.51012451132685
2025-07-04 23:00,29.783967462098108
2025-07-05 00:00,19.907442708292496
2025-07-05 01:00,29.270497698071505
2025-07-05 02:00,29.24185916332156
2025-07-05 03:00,29.36638116261155
2025-07-05 04:00,22.066739444881915
2025-07-05 05:00,17.41148843515601
2025-07-05 06:00,20.374423708446955
2025-07-05 07:00,30.771005094681684
2025-07-05 08:00,30.05053750862818
2025-07-05 09:00,22.93302637049566
2025-07-05 10:00,13.574451187774216
2025-07-05 11:00,16.28498250233147
2025-07-05 12:00,16.230172559260005
2025-07-05 13:00,18.264961929208862
2025-07-05 14:00,17.13514330180044
2025-07-05 15:00,13.463976700497348
2025-07-05 16:00,20.935515453143775
2025-07-05 17:00,24.320347935900855
2025-07-05 18:00,28.325062843452457
2025-07-05 19:00,31.43177431825697
2025-07-05 20:00,24.10333049198138
2025-07-05 21:00,18.05367313524271
2025-07-05 22:00,16.341275091539266
2025-07-05 23:00,16.794196309992895
2025-07-06 00:00,20.885221970352497
2025-07-06 01:00,24.71874098830613
2025-07-06 02:00,24.143533031967152
2025-07-06 03:00,26.598368990930048
2025-07-06 04:00,18.291481817153084
2025-07-06 05:00,18.596623903420742
2025-07-06 06:00,15.526551061629725
2025-07-06 07:00,19.311457817969515
2025-07-06 08:00,11.821890904537227
2025-07-06 09:00,3.2284032383790313
2025-07-06 10:00,1.6443168905891477
2025-07-06 11:00,1.57438190300002
2025-07-06 12:00,4.096786720568538
2025-07-06 13:00,5.688346488524003
2025-07-06 14:00,8.546097990644267
2025-07-06 15:00,8.132383207741452
2025-07-06 16:00,5.5511192679933306
2025-07-06 17:00,12.110888598629511
2025-07-06 18:00,13.160883128559757
2025-07-06 19:00,19.88308763727547
2025-07-06 20:00,7.730708621823574
2025-07-06 21:00,10.437335057173307
2025-07-06 22:00,14.44041515611829
2025-07-06 23:00,12.53120384482389
2025-07-07 00:00,13.355470526214479
2025-07-07 01:00,7.064850100485971
2025-07-07 02:00,6.501250460949584
2025-07-07 03:00,11.033290485697234
2025-07-07 04:00,6.601651033258655
2025-07-07 05:00,6.1391198134348155
2025-07-07 06:00,4.76155498099616
2025-07-07 07:00,2.6466013725726776
2025-07-07 08:00,0.1152911139529107
2025-07-07 09:00,0.025132082819234496
2025-07-07 10:00,0.04062005385256526
2025-07-07 11:00,0.04033444242309464
2025-07-07 12:00,0.49571031829817347
2025-07-07 13:00,0.47302356893774544
2025-07-07 14:00,4.247209728848522
2025-07-07 15:00,5.162725874754746
2025-07-07 16:00,5.68425883653528
2025-07-07 17:00,3.4383136942813968
2025-07-07 18:00,3.0232696985762146
2025-07-07 19:00,0.2572045856902133
2025-07-07 20:00,0.6280604362275134
2025-07-07 21:00,0.8921160202563201
2025-07-07 22:00,0.8464260874059134
2025-07-07 23:00,0.3952026170661098
2025-07-08 00:00,0.2897970091167129
2025-07-08 01:00,0.4100913898003997
2025-07-08 02:00,1.2782692775820994
2025-07-08 03:00,5.12159909234254
2025-07-08 04:00,6.664462537480137
2025-07-08 05:00,4.964970045493269
2025-07-08 06:00,3.6826568645599833
2025-07-08 07:00,0.4753662752375686
2025-07-08 08:00,0.07008199656440298
2025-07-08 09:00,0.6851247470871512
2025-07-08 10:00,0.7181287925773557
2025-07-08 11:00,1.0367719412607432
2025-07-08 12:00,0.9800203736578954
2025-07-08 13:00,0.8406156116963384
2025-07-08 14:00,2.755026861183479
2025-07-08 15:00,4.564034908435822
2025-07-08 16:00,5.056520472955967
2025-07-08 17:00,5.263626210039385
2025-07-08 18:00,4.876967549741708
2025-07-08 19:00,2.5180493419129664
2025-07-08 20:00,2.7995633520175542
2025-07-08 21:00,5.42673964124935
2025-07-08 22:00,3.084532841434399
2025-07-08 23:00,1.9747142103969155
2025-07-09 00:00,4.537945680279792
2025-07-09 01:00,1.3833468001743494
2025-07-09 02:00,1.311719032733237
2025-07-09 03:00,1.2728754547122667
2025-07-09 04:00,1.4746377236343668
2025-07-09 05:00,1.1813022861307363
2025-07-09 06:00,1.1113294533742195
2025-07-09 07:00,0.8780365683604205
2025-07-09 08:00,1.0381670261538565
2025-07-09 09:00,1.088151225468476
2025-07-09 10:00,0.9482511672846994
2025-07-09 11:00,1.0386253940745158
2025-07-09 12:00,1.023815668423933
2025-07-09 13:00,0.9811375376496649
2025-07-09 14:00,7.23879157597234
2025-07-09 15:00,4.2857517423521045
2025-07-09 16:00,4.261579422523857
2025-07-09 17:00,0.7496544697126072
2025-07-09 18:00,1.4077587197578905
2025-07-09 19:00,2.8084874220945943
2025-07-09 20:00,0.8703332835672462
2025-07-09 21:00,0.9625369300680121
2025-07-09 22:00,1.2663726847649366
2025-07-09 23:00,4.287005249833088
2025-07-10 00:00,0.7641136592630358
2025-07-10 01:00,0.6275184823816058
2025-07-10 02:00,0.33662419867283394
2025-07-10 03:00,0.8171643116422438
2025-07-10 04:00,0.3694820227043496
2025-07-10 05:00,1.2010109640202438
2025-07-10 06:00,0.42247626710670216
2025-07-10 07:00,1.9995879166537136
2025-07-10 08:00,1.3419864672073758
2025-07-10 09:00,0.0
2025-07-10 10:00,1.0428064355169822
2025-07-10 11:00,1.6166957037152856
2025-07-10 12:00,1.872617441608567
2025-07-10 13:00,2.2278557111324995
2025-07-10 14:00,5.3022022249086485
2025-07-10 15:00,7.072371065401443
2025-07-10 16:00,10.492912342858967
2025-07-10 17:00,9.435830597886053
2025-07-10 18:00,8.135449136222906
2025-07-10 19:00,3.3324739849595857
2025-07-10 20:00,3.9929761458428312
2025-07-10 21:00,3.4904570058070536
2025-07-10 22:00,4.40861455430071
2025-07-10 23:00,0.4803509789605527
2025-07-11 00:00,2.822216060091357
2025-07-11 01:00,3.0014322508468165
2025-07-11 02:00,3.7534566928533817
2025-07-11 03:00,1.4266275942627193
2025-07-11 04:00,3.834696848494329
2025-07-11 05:00,3.2710782978132946
2025-07-11 06:00,6.09020101564468
2025-07-11 07:00,4.3820541150856425
2025-07-11 08:00,3.9813519258051144
2025-07-11 09:00,4.35620002318956
2025-07-11 10:00,0.7477105721219292
2025-07-11 11:00,0.5678689609989703
2025-07-11 12:00,0.812997476158454
2025-07-11 13:00,0.6121945767694137
2025-07-11 14:00,0.41139912452499716
2025-07-11 15:00,0.10430718613884615
2025-07-11 16:00,0.39246537504906814
2025-07-11 17:00,5.0531189474337985
2025-07-11 18:00,11.312674023710539
2025-07-11 19:00,10.214039571669925
2025-07-11 20:00,7.409039476309507
2025-07-11 21:00,1.7517092875205003
2025-07-11 22:00,3.6789123959281604
2025-07-11 23:00,0.0
2025-07-12 00:00,2.1924731625949323
2025-07-12 01:00,0.26007264683067455
2025-07-12 02:00,0.147057644480848
2025-07-12 03:00,0.4224141016368834
2025-07-12 04:00,0.9310081403814348
2025-07-12 05:00,0.7416886004935004
2025-07-12 06:00,1.4889437480435914
2025-07-12 07:00,0.6609645963764759
2025-07-12 08:00,0.36865963265950497
2025-07-12 09:00,0.16716641014626635
2025-07-12 10:00,0.18597402891096024
2025-07-12 11:00,0.21483766444197916
2025-07-12 12:00,0.3984845997994516
2025-07-12 13:00,0.208970288751401
2025-07-12 14:00,0.4047743997268582
2025-07-12 15:00,0.6979938104547734
2025-07-12 16:00,6.931753226243924
2025-07-12 17:00,3.7264153666033706
2025-07-12 18:00,3.950514061882948
2025-07-12 19:00,0.520767131008572
2025-07-12 20:00,1.7203178439381448
2025-07-12 21:00,0.28998334936783043
2025-07-12 22:00,0.6534414147528267
2025-07-12 23:00,0.12810839011560832
2025-07-13 00:00,0.0513388646431282
2025-07-13 01:00,0.07973477534449569
2025-07-13 02:00,0.41708348492332736
2025-07-13 03:00,0.40114038166889787
2025-07-13 04:00,0.13472794418346912
2025-07-13 05:00,0.2512631437237447
2025-07-13 06:00,0.1028539632122103
2025-07-13 07:00,0.036738629680916374
2025-07-13 08:00,0.051368220201726406
2025-07-13 09:00,0.0
2025-07-13 10:00,0.006196713702595025
2025-07-13 11:00,0.0034561117196248094
2025-07-13 12:00,0.020867807037794454
2025-07-13 13:00,0.17240390209790116
2025-07-13 14:00,0.33368712817088436
2025-07-13 15:00,0.006389695929693289
2025-07-13 16:00,0.09366255356791302
2025-07-13 17:00,0.33282837073145954
2025-07-13 18:00,0.006084486504448993
2025-07-13 19:00,0.0
2025-07-13 20:00,0.6186394633568086
2025-07-13 21:00,0.0
2025-07-13 22:00,0.9711742250535212
2025-07-13 23:00,3.9587860628828753
2025-07-14 00:00,1.0095878675267393
2025-07-14 01:00,0.6187985433548409
2025-07-14 02:00,0.3882865196649815
2025-07-14 03:00,0.27962577075949624
2025-07-14 04:00,0.0357301451222074
2025-07-14 05:00,0.7579705165970057
2025-07-14 06:00,2.31465826710341
2025-07-14 07:00,2.0830356663065452
2025-07-14 08:00,1.0870388302143061
2025-07-14 09:00,0.8579345433975362
2025-07-14 10:00,6.191894702974793
2025-07-14 11:00,7.568231275937485
2025-07-14 12:00,8.581896786621305
2025-07-14 13:00,6.236262172737669
2025-07-14 14:00,10.62160120392246
2025-07-14 15:00,13.510534444183815
2025-07-14 16:00,11.780167455017368
2025-07-14 17:00,17.46648255589986
2025-07-14 18:00,11.599528871794877
2025-07-14 19:00,9.79807790162482
2025-07-14 20:00,3.9602713706542843
2025-07-14 21:00,3.21385736100559
2025-07-14 22:00,24.26485657186874
2025-07-14 23:00,8.953147740906607
2025-07-15 00:00,0.171879463692025
2025-07-15 01:00,5.185415470300114
2025-07-15 02:00,13.45672260700205
2025-07-15 03:00,13.945938965153562
2025-07-15 04:00,6.811930867797436
2025-07-15 05:00,5.696585346342305
2025-07-15 06:00,6.257242479862064
2025-07-15 07:00,25.072565115641765
2025-07-15 08:00,26.56326103095914
2025-07-15 09:00,22.583866192852316
2025-07-15 10:00,32.309574075659896
2025-07-15 11:00,10.462350737498396
2025-07-15 12:00,10.694323985670643
2025-07-15 13:00,9.086461765606542
2025-07-15 14:00,4.765214821652107
2025-07-15 15:00,10.756297443656337
2025-07-15 16:00,11.636019289761675
2025-07-15 17:00,8.334699237335133
2025-07-15 18:00,7.944000710363211
2025-07-15 19:00,9.264512171977824
2025-07-15 20:00,7.58277046805904
2025-07-15 21:00,16.14709496751216
2025-07-15 22:00,15.8203297092048
2025-07-15 23:00,18.343285461233663
2025-07-16 00:00,9.792751781663204
2025-07-16 01:00,19.322325085838603
2025-07-16 02:00,17.30500493890473
2025-07-16 03:00,20.60215932485805
2025-07-16 04:00,20.2794706144631
2025-07-16 05:00,28.814577622180803
2025-07-16 06:00,26.211929738300775
2025-07-16 07:00,28.517618535531287
2025-07-16 08:00,30.038040066233062
2025-07-16 09:00,22.844964103134423
2025-07-16 10:00,37.79003941497056
2025-07-16 11:00,30.6122929327125
2025-07-16 12:00,21.170079371525624
2025-07-16 13:00,31.750825563720724
2025-07-16 14:00,25.691904315218224
2025-07-16 15:00,34.73367699835471
2025-07-16 16:00,45.31093291461576
2025-07-16 17:00,45.98726886971579
2025-07-16 18:00,39.36432237571153
2025-07-16 19:00,50.98031837432951
2025-07-16 20:00,44.48074268867106
2025-07-16 21:00,43.65044704100029
2025-07-16 22:00,41.027109603079666
2025-07-16 23:00,44.611098617118955
2025-07-17 00:00,49.89459266213559
2025-07-17 01:00,49.3691251391117
2025-07-17 02:00,48.90022486403019
2025-07-17 03:00,47.12035444256428
2025-07-17 04:00,46.900289551347115
2025-07-17 05:00,47.030664357462044
2025-07-17 06:00,46.179788458739836
2025-07-17 07:00,46.56339302984751
2025-07-17 08:00,44.174194365887615
2025-07-17 09:00,49.39382475304335
2025-07-17 10:00,38.491906452558204
2025-07-17 11:00,11.7421759289973
2025-07-17 12:00,19.14750321852878
2025-07-17 13:00,16.163288884933113
2025-07-17 14:00,14.815819892369497
2025-07-17 15:00,27.824601095618892
2025-07-17 16:00,32.77786392352354
2025-07-17 17:00,35.16643140360938
2025-07-17 18:00,35.61569371767017
2025-07-17 19:00,41.03374293892879
2025-07-17 20:00,47.95326665542354
2025-07-17 21:00,45.677089382002016
2025-07-17 22:00,46.50067994990632
2025-07-17 23:00,45.46769880249174
2025-07-18 00:00,47.85711328096559
2025-07-18 01:00,45.61188388505306
2025-07-18 02:00,49.957661614869394
2025-07-18 03:00,39.80499801416089
2025-07-18 04:00,44.369910567227464
2025-07-18 05:00,33.25089489173394
2025-07-18 06:00,34.9412414218066
2025-07-18 07:00,33.188107294305944
2025-07-18 08:00,45.28723395041225
2025-07-18 09:00,19.808370722560127
2025-07-18 10:00,24.4127476346078
2025-07-18 11:00,10.607899393129703
2025-07-18 12:00,4.36776178703776
2025-07-18 13:00,18.685362296749627
2025-07-18 14:00,10.532947802002155
2025-07-18 15:00,7.582329827720947
2025-07-18 16:00,6.0061517765355
2025-07-18 17:00,7.044577157624843
2025-07-18 18:00,1.0992276890960417
2025-07-18 19:00,0.5029240364211524
2025-07-18 20:00,7.6354284406914985
2025-07-18 21:00,8.719155373280064
2025-07-18 22:00,10.232985442518336
2025-07-18 23:00,4.349847042279842
2025-07-19 00:00,31.095733464518673
2025-07-19 01:00,15.547901309551694
2025-07-19 02:00,30.206229675909928
2025-07-19 03:00,27.042904213356838
2025-07-19 04:00,25.505787050063994
2025-07-19 05:00,37.11844098701911
2025-07-19 06:00,25.408356181554865
2025-07-19 07:00,30.104804932262557
2025-07-19 08:00,35.216340992187035
2025-07-19 09:00,9.03972114294326
2025-07-19 10:00,18.83532978844608
2025-07-19 11:00,7.936776275844243
2025-07-19 12:00,37.056427658120796
2025-07-19 13:00,41.00132368711563
2025-07-19 14:00,38.06937783013048
2025-07-19 15:00,13.062127321964601
2025-07-19 16:00,20.09140765783591
2025-07-19 17:00,38.9823729462415
2025-07-19 18:00,43.22491902979259
2025-07-19 19:00,34.634094673763904
2025-07-19 20:00,37.78539687309289
2025-07-19 21:00,33.0276668666979
2025-07-19 22:00,30.08363888378907
2025-07-19 23:00,24.11997925462076
2025-07-20 00:00,24.945646411714094
2025-07-20 01:00,17.627011102741747
2025-07-20 02:00,14.378884195340552
2025-07-20 03:00,20.16283384282762
2025-07-20 04:00,21.50125595867716
2025-07-20 05:00,12.8816517956691
2025-07-20 06:00,17.77282724208139
2025-07-20 07:00,28.88064737925871
2025-07-20 08:00,24.124220841079328
2025-07-20 09:00,22.446904485208723
2025-07-20 10:00,17.36268806690955
2025-07-20 11:00,13.74563377996039
2025-07-20 12:00,14.357444069518895
2025-07-20 13:00,16.13688657907638
2025-07-20 14:00,12.133127604011529
2025-07-20 15:00,11.206422141220346
2025-07-20 16:00,14.99760334445028
2025-07-20 17:00,28.189151173827227
2025-07-20 18:00,22.732233025215734
2025-07-20 19:00,19.23680750134082
2025-07-20 20:00,21.562321100101972
2025-07-20 21:00,11.893845548328764
2025-07-20 22:00,10.69577134607885
2025-07-20 23:00,19.948050754551417
2025-07-21 00:00,17.644106828228757
2025-07-21 01:00,27.02605263105989
2025-07-21 02:00,22.11611298230596
2025-07-21 03:00,16.941293300697616
2025-07-21 04:00,15.761263957971941
2025-07-21 05:00,25.053567357352822
2025-07-21 06:00,11.030674414566873
2025-07-21 07:00,13.253534110939455
2025-07-21 08:00,25.60102205913223
2025-07-21 09:00,14.217354344099423
2025-07-21 10:00,11.38278123095734
2025-07-21 11:00,10.86605284737282
2025-07-21 12:00,4.540204254110669
2025-07-21 13:00,2.7579063316395867
2025-07-21 14:00,6.691063867680945
2025-07-21 15:00,0.002110792956498738
2025-07-21 16:00,2.2855842262043717
2025-07-21 17:00,8.076881189735454
2025-07-21 18:00,6.938106500290674
2025-07-21 19:00,3.715133915881677
2025-07-21 20:00,4.5288869053285925
2025-07-21 21:00,2.6160909002636847
2025-07-21 22:00,2.326509752416226
2025-07-21 23:00,1.8831571617258278
2025-07-22 00:00,0.8397766306381476
2025-07-22 01:00,0.2585930689717446
2025-07-22 02:00,1.6660381479194333
2025-07-22 03:00,2.491118672313819
2025-07-22 04:00,1.14753349845893
2025-07-22 05:00,1.8218818976638036
2025-07-22 06:00,0.45938836731006916
2025-07-22 07:00,0.5000903132603755
2025-07-22 08:00,0.5354310481249921
2025-07-22 09:00,0.113765813880149
2025-07-22 10:00,0.46169468842244604
2025-07-22 11:00,2.2244585162489394
2025-07-22 12:00,4.050111500415626
2025-07-22 13:00,1.425228635480312
2025-07-22 14:00,10.160604879705376
2025-07-22 15:00,6.5278428785954095
2025-07-22 16:00,3.1497354359886947
2025-07-22 17:00,3.1356300090330045
2025-07-22 18:00,0.2891147015081134
2025-07-22 19:00,0.019196216167530464
2025-07-22 20:00,0.16467767627319435
2025-07-22 21:00,0.036191081716284025
2025-07-22 22:00,0.019962454981380693
2025-07-22 23:00,0.007427135313510418
2025-07-23 00:00,0.08890126252463537
2025-07-23 01:00,0.27440793717911927
2025-07-23 02:00,0.0929399858636456
2025-07-23 03:00,0.0
2025-07-23 04:00,0.6780640481458884
2025-07-23 05:00,0.16099172517794638
2025-07-23 06:00,0.0661884234728312
2025-07-23 07:00,0.021722453088134957
2025-07-23 08:00,0.0032913624206196545
2025-07-23 09:00,0.010691032010509447
2025-07-23 10:00,0.04102819739854413
2025-07-23 11:00,0.04961638612368267
2025-07-23 12:00,0.09997760479111306
2025-07-23 13:00,0.6488768887710343
2025-07-23 14:00,4.185675421543883
2025-07-23 15:00,6.425686451021919
2025-07-23 16:00,7.3787805114059735
2025-07-23 17:00,3.790589004719309
2025-07-23 18:00,0.813425494394375
2025-07-23 19:00,0.7006207602710318
2025-07-23 20:00,0.624274654395489
2025-07-23 21:00,0.5651586824013125
2025-07-23 22:00,1.119955209772331
2025-07-23 23:00,0.8390417010982987
2025-07-24 00:00,0.05990892974778721
2025-07-24 01:00,0.031080235619176277
2025-07-24 02:00,0.01097965739943266
2025-07-24 03:00,0.0
2025-07-24 04:00,0.11028648203084768
2025-07-24 05:00,0.11732715493286815
2025-07-24 06:00,0.15774921869529396
2025-07-24 07:00,0.06741542281982653
2025-07-24 08:00,0.05907987689955699
2025-07-24 09:00,0.1415502932155924
2025-07-24 10:00,0.0566389448152715
2025-07-24 11:00,0.07247341234667118
2025-07-24 12:00,0.0766214152100384
2025-07-24 13:00,0.37179265108120935
2025-07-24 14:00,4.384499210453818
2025-07-24 15:00,7.061566825966943
2025-07-24 16:00,11.46962349991923
2025-07-24 17:00,8.288841723514771
2025-07-24 18:00,5.664289517628559
2025-07-24 19:00,2.737950739367846
2025-07-24 20:00,1.5244401050290788
2025-07-24 21:00,0.7803431587187657
2025-07-24 22:00,0.20670682295020848
2025-07-24 23:00,0.3000291219795529
2025-07-25 00:00,0.6165895091431902
2025-07-25 01:00,1.2351463396804854
2025-07-25 02:00,0.07682244783838257
2025-07-25 03:00,0.2565892396838302
2025-07-25 04:00,0.9544709078007014
2025-07-25 05:00,0.7307679416847304
2025-07-25 06:00,0.027882393244717772
2025-07-25 07:00,0.05275148886974451
2025-07-25 08:00,0.27004557836664783
2025-07-25 09:00,0.3789803121458963
2025-07-25 10:00,0.36380304798436397
2025-07-25 11:00,0.3565443302794465
2025-07-25 12:00,0.1641668686882743
2025-07-25 13:00,0.1141404041487644
2025-07-25 14:00,0.06540131061136693
2025-07-25 15:00,3.889675585975367
2025-07-25 16:00,11.256970175945632
2025-07-25 17:00,12.775648972583209
2025-07-25 18:00,3.251078034925557
2025-07-25 19:00,0.7437494749396145
2025-07-25 20:00,0.04918470848186085
2025-07-25 21:00,0.17775658548957118
2025-07-25 22:00,1.6986196860390834
2025-07-25 23:00,2.1243813390848807
2025-07-26 00:00,0.12072230591106656
2025-07-26 01:00,1.6404480007779187
2025-07-26 02:00,0.3646002821896315
2025-07-26 03:00,1.434561046372343
2025-07-26 04:00,0.6025287043578296
2025-07-26 05:00,0.2089561760866256
2025-07-26 06:00,0.7741358251204074
2025-07-26 07:00,0.7880969397923824
2025-07-26 08:00,4.054966407733832
2025-07-26 09:00,2.5444622701268687
2025-07-26 10:00,2.629048288017748
2025-07-26 11:00,3.309003686760557
2025-07-26 12:00,2.5763353310134445
2025-07-26 13:00,3.3394970488508546
2025-07-26 14:00,6.038470828794663
2025-07-26 15:00,2.4176124697039802
2025-07-26 16:00,3.4759369389537764
2025-07-26 17:00,6.049418386757542
2025-07-26 18:00,5.271422349397052
2025-07-26 19:00,3.2486588580734477
2025-07-26 20:00,8.67448204209331
2025-07-26 21:00,17.239183500912144
2025-07-26 22:00,10.009414357561853
2025-07-26 23:00,4.742310617255019
2025-07-27 00:00,2.481040782661804
2025-07-27 01:00,4.887067017423868
2025-07-27 02:00,3.200340167716152
2025-07-27 03:00,5.494648421505659
2025-07-27 04:00,6.497139649907439
2025-07-27 05:00,4.859501280824278
2025-07-27 06:00,1.0106016318479294
2025-07-27 07:00,0.06482981926971598
2025-07-27 08:00,0.6310090322654519
2025-07-27 09:00,0.560935392790729
2025-07-27 10:00,0.6016120937379134
2025-07-27 11:00,0.3678970846432821
2025-07-27 12:00,0.5137003006864302
2025-07-27 13:00,0.27381989424409814
2025-07-27 14:00,3.7057813279469576
2025-07-27 15:00,4.776098793971237
2025-07-27 16:00,4.603136727284904
2025-07-27 17:00,6.342547511331873
2025-07-27 18:00,0.11752915593563745
2025-07-27 19:00,0.6366633618627506
2025-07-27 20:00,0.6394499440124228
2025-07-27 21:00,0.3209622192049111
2025-07-27 22:00,0.4426853600385017
2025-07-27 23:00,0.21293419013695464
2025-07-28 00:00,0.7600188158861423
2025-07-28 01:00,1.769069090246727
2025-07-28 02:00,0.4152993000608052
2025-07-28 03:00,0.012900392204405864
2025-07-28 04:00,0.8405768971238077
2025-07-28 05:00,0.3080676595374492
2025-07-28 06:00,0.9662699865234408
2025-07-28 07:00,0.16588416717796317
2025-07-28 08:00,0.0619370456941887
2025-07-28 09:00,0.0
2025-07-28 10:00,0.02770885402758179
2025-07-28 11:00,0.5250152889794605
2025-07-28 12:00,3.1350376171455534
2025-07-28 13:00,7.343450698653699
2025-07-28 14:00,8.55812072651293
2025-07-28 15:00,7.118273232151069
2025-07-28 16:00,7.420186013862452
2025-07-28 17:00,3.433794315581233
2025-07-28 18:00,2.188289586565207
2025-07-28 19:00,0.3543337215327987
2025-07-28 20:00,0.4347086721717264
2025-07-28 21:00,0.12264053252265583
2025-07-28 22:00,0.11969377128709047
2025-07-28 23:00,0.09872714463628918
2025-07-29 00:00,0.04258756039500755
2025-07-29 01:00,0.028629719281448973
2025-07-29 02:00,0.0546043731752765
2025-07-29 03:00,0.16990824364090001
2025-07-29 04:00,0.22394650525602017
2025-07-29 05:00,0.2952184528843389
2025-07-29 06:00,0.3183839141847756
2025-07-29 07:00,0.2065238517033927
2025-07-29 08:00,0.18694886762571816
2025-07-29 09:00,0.0
2025-07-29 10:00,0.024125222028646028
2025-07-29 11:00,0.02956421532722353
2025-07-29 12:00,0.2641906219553508
2025-07-29 13:00,0.9964990352501774
2025-07-29 14:00,2.0480479804436635
2025-07-29 15:00,7.117617078992337
2025-07-29 16:00,8.332046878427075
2025-07-29 17:00,1.6686538629940708
2025-07-29 18:00,1.1253950369121104
2025-07-29 19:00,0.1762921705036849
2025-07-29 20:00,0.3365591265144967
2025-07-29 21:00,0.2097730275181452
2025-07-29 22:00,0.19027953207583903
2025-07-29 23:00,0.005848536837238183
2025-07-30 00:00,0.20423511667356609
2025-07-30 01:00,0.0
2025-07-30 02:00,0.05970004887849861
2025-07-30 03:00,0.008984140571340893
2025-07-30 04:00,0.07322217101524262
2025-07-30 05:00,3.6695314715423644e-05
2025-07-30 06:00,0.09607652157752769
2025-07-30 07:00,0.0
2025-07-30 08:00,0.0
2025-07-30 09:00,0.0
2025-07-30 10:00,0.00040102158637527613
2025-07-30 11:00,0.7477785975694644
2025-07-30 12:00,0.7626505913242883
2025-07-30 13:00,0.3689526500146398
2025-07-30 14:00,2.1521655692941084
2025-07-30 15:00,3.379032401466608
2025-07-30 16:00,4.200187840090017
2025-07-30 17:00,7.326695957261217
2025-07-30 18:00,3.3885358961848695
2025-07-30 19:00,4.324313097982616
2025-07-30 20:00,34.04785354507024
2025-07-30 21:00,16.85901394661584
2025-07-30 22:00,10.300462440871513
2025-07-30 23:00,9.845329163790895
2025-07-31 00:00,14.631346993082078
2025-07-31 01:00,10.638413615860287
2025-07-31 02:00,5.938652743913711
2025-07-31 03:00,4.755886205498236
2025-07-31 04:00,3.858461256427736
2025-07-31 05:00,5.228179218269643
2025-07-31 06:00,1.0613891200945909
2025-07-31 07:00,0.2259657432857255
2025-07-31 08:00,0.016255939986035944
2025-07-31 09:00,0.10190047934492252
2025-07-31 10:00,0.1548398836995207
2025-07-31 11:00,0.3651627456352907
2025-07-31 12:00,0.33193848208305093
2025-07-31 13:00,0.073578042436039
2025-07-31 14:00,1.3630450058387944
2025-07-31 15:00,5.02469090063441
2025-07-31 16:00,6.322946246236734
2025-07-31 17:00,2.616995250339043
2025-07-31 18:00,0.5868623583840817
2025-07-31 19:00,0.3902426937627375
2025-07-31 20:00,0.21243638802323467
2025-07-31 21:00,0.7668938232023352
2025-07-31 22:00,3.1095213156586867
2025-07-31 23:00,2.5319184302964035
2025-08-01 00:00,2.419409637083487
2025-08-01 01:00,0.3287980526963819
2025-08-01 02:00,0.05993913929752248
2025-08-01 03:00,0.19142962880671427
2025-08-01 04:00,4.796381596733639
2025-08-01 05:00,3.7078601214425464
2025-08-01 06:00,6.520553510300659
2025-08-01 07:00,0.9843334883681951
2025-08-01 08:00,0.548189813424515
2025-08-01 09:00,0.0
2025-08-01 10:00,0.018101896528699656
2025-08-01 11:00,0.018101896528699656
2025-08-01 12:00,0.12146157206938102
2025-08-01 13:00,0.7092053935497085
2025-08-01 14:00,0.6819983041298496
2025-08-01 15:00,4.111545342883204
2025-08-01 16:00,2.743824140973339
2025-08-01 17:00,2.7961775480961966
2025-08-01 18:00,0.26912478337859413
2025-08-01 19:00,0.13590388696250782
2025-08-01 20:00,0.033167297754453706
2025-08-01 21:00,0.0
2025-08-01 22:00,0.18237974686192787
2025-08-01 23:00,0.24013467539828404
2025-08-02 00:00,0.0
2025-08-02 01:00,0.14967217903262542
2025-08-02 02:00,0.31411528999929816
2025-08-02 03:00,1.4143797838940764
2025-08-02 04:00,1.7252764215342584
2025-08-02 05:00,1.0664084768024735
2025-08-02 06:00,0.6907750942598321
2025-08-02 07:00,0.0025408379631821354
2025-08-02 08:00,0.0
2025-08-02 09:00,0.0
2025-08-02 10:00,0.0
2025-08-02 11:00,0.0
2025-08-02 12:00,0.3310701170366497
2025-08-02 13:00,0.5783264271502365
2025-08-02 14:00,5.695140964519536
2025-08-02 15:00,5.93367918049163
2025-08-02 16:00,2.4635811132498224
2025-08-02 17:00,2.4405721127436317
2025-08-02 18:00,0.4336231281746935
2025-08-02 19:00,0.05252117615609586
2025-08-02 20:00,0.049664077573164156
2025-08-02 21:00,0.0
2025-08-02 22:00,0.044392239006212475
2025-08-02 23:00,0.6725135617757187
2025-08-03 00:00,1.8026624104202789
2025-08-03 01:00,1.1209965096196246
2025-08-03 02:00,1.3828131354283997
2025-08-03 03:00,1.024798846287062
2025-08-03 04:00,1.0993569526582572
2025-08-03 05:00,0.6254456554731058
2025-08-03 06:00,0.9595895467306246
2025-08-03 07:00,0.0
2025-08-03 08:00,0.09356658768613435
2025-08-03 09:00,0.0
2025-08-03 10:00,0.0
2025-08-03 11:00,0.349285346662831
2025-08-03 12:00,3.830116336749459
2025-08-03 13:00,5.112059511073312
2025-08-03 14:00,5.646029925850495
2025-08-03 15:00,8.394245479332978
2025-08-03 16:00,4.620689402503235
2025-08-03 17:00,5.5213788397025745
2025-08-03 18:00,1.886476336018013
2025-08-03 19:00,0.3866616328473228
2025-08-03 20:00,1.7355715228392636
2025-08-03 21:00,5.224531601986863
2025-08-03 22:00,9.716107115560423
2025-08-03 23:00,15.540417707626595
2025-08-04 00:00,47.60782877168359
2025-08-04 01:00,45.60479653106929
2025-08-04 02:00,46.874532756292005
2025-08-04 03:00,47.40379136988506
2025-08-04 04:00,48.398550261201514
2025-08-04 05:00,41.4426581311132
2025-08-04 06:00,37.446660180171015
2025-08-04 07:00,28.773883732272644
2025-08-04 08:00,21.66693039338808
2025-08-04 09:00,32.66531459057997
2025-08-04 10:00,32.45275898738758
2025-08-04 11:00,25.95696686184022
2025-08-04 12:00,26.01542818703458
2025-08-04 13:00,28.06353562736592
2025-08-04 14:00,38.158168908339036
2025-08-04 15:00,38.80959014325333
2025-08-04 16:00,32.16795736190779
2025-08-04 17:00,35.809661620008434
2025-08-04 18:00,34.51438697398696
2025-08-04 19:00,31.36233597289948
2025-08-04 20:00,32.97304790990564
2025-08-04 21:00,26.634129778481643
2025-08-04 22:00,31.21303142706897
2025-08-04 23:00,32.68352216136002
2025-08-05 00:00,2.107659138304102
2025-08-05 01:00,1.1770027172447097
2025-08-05 02:00,0.8242699582441744
2025-08-05 03:00,0.0
2025-08-05 04:00,1.5688779925716956
2025-08-05 05:00,1.3057637522676708
2025-08-05 06:00,1.228868067321994
2025-08-05 07:00,0.6500578558301086
2025-08-05 08:00,0.47852834055091265
2025-08-05 09:00,0.5827476139135983
2025-08-05 10:00,1.6758358520675363
2025-08-05 11:00,0.35793106660718743
2025-08-05 12:00,8.765935156950514
2025-08-05 13:00,8.111185728596617
2025-08-05 14:00,10.420694704849334
2025-08-05 15:00,12.22035189719849
2025-08-05 16:00,14.18300753949162
2025-08-05 17:00,29.534782014278264
2025-08-05 18:00,30.73860721906467
2025-08-05 19:00,31.11161420939388
2025-08-05 20:00,36.439730117126174
2025-08-05 21:00,45.98671521496203
2025-08-05 22:00,48.62706463612276
2025-08-05 23:00,47.732849334808456
2025-08-06 00:00,46.043401050801144
2025-08-06 01:00,47.18725876938741
2025-08-06 02:00,43.964414517630765
2025-08-06 03:00,39.762924586310355
2025-08-06 04:00,34.4508477050625
2025-08-06 05:00,31.89809758640958
2025-08-06 06:00,34.98697857572116
2025-08-06 07:00,36.26410594835938
2025-08-06 08:00,35.30269630585894
2025-08-06 09:00,42.38816858415234
2025-08-06 10:00,38.98259697305254
2025-08-06 11:00,31.870997864960522
2025-08-06 12:00,28.434494987743946
2025-08-06 13:00,38.57980561674343
2025-08-06 14:00,31.264802266734062
2025-08-06 15:00,28.794244477208313
2025-08-06 16:00,19.749650855473945
2025-08-06 17:00,33.340210607821795
2025-08-06 18:00,26.540891193758924
2025-08-06 19:00,26.58312522533938
2025-08-06 20:00,19.12831067745346
2025-08-06 21:00,17.944832133990207
2025-08-06 22:00,7.643123245224965
2025-08-06 23:00,6.396010295965561
2025-08-07 00:00,2.0330119856006696
2025-08-07 01:00,2.2614158328678107
2025-08-07 02:00,1.3225289697233773
2025-08-07 03:00,1.163699906434575
2025-08-07 04:00,0.32541883684435713
2025-08-07 05:00,0.0
2025-08-07 06:00,0.41689175040718207
2025-08-07 07:00,0.0
2025-08-07 08:00,0.33508836552863985
2025-08-07 09:00,0.23252171396987464
2025-08-07 10:00,1.6963631839741011
2025-08-07 11:00,4.929567105442201
2025-08-07 12:00,4.512043883995295
2025-08-07 13:00,8.461540700988301
2025-08-07 14:00,5.5366202033372875
2025-08-07 15:00,6.344547652032964
2025-08-07 16:00,4.777020168866159
2025-08-07 17:00,4.565747095375795
2025-08-07 18:00,0.8063136758234922
2025-08-07 19:00,0.6002857039982183
2025-08-07 20:00,0.05451740806670413
2025-08-07 21:00,0.0
2025-08-07 22:00,0.0
2025-08-07 23:00,0.004734428250339429
2025-08-08 00:00,0.0946086632204779
2025-08-08 01:00,0.866757621254644
2025-08-08 02:00,1.00447729749856
2025-08-08 03:00,0.0
2025-08-08 04:00,0.1725977248355035
2025-08-08 05:00,0.0698816562042911
2025-08-08 06:00,0.1758532307157245
2025-08-08 07:00,0.1543071812070823
2025-08-08 08:00,0.12386974842385778
2025-08-08 09:00,0.0
2025-08-08 10:00,0.0
2025-08-08 11:00,0.0
2025-08-08 12:00,0.0
2025-08-08 13:00,0.3048761774838958
2025-08-08 14:00,3.6974318502193855
2025-08-08 15:00,3.51564946707112
2025-08-08 16:00,3.8649153786698975
2025-08-08 17:00,0.20756154469651922
2025-08-08 18:00,0.20144761828036667
2025-08-08 19:00,0.24493420636302432
2025-08-08 20:00,0.0
2025-08-08 21:00,0.30419319672638956
2025-08-08 22:00,0.7016566999840077
2025-08-08 23:00,1.0952491827589093
2025-08-09 00:00,1.5944481884575123
2025-08-09 01:00,1.0714535273128012
2025-08-09 02:00,0.7741746784478183
2025-08-09 03:00,1.5523465064622246
2025-08-09 04:00,2.8117907619209808
2025-08-09 05:00,4.045262044192283
2025-08-09 06:00,3.4065873962340962
2025-08-09 07:00,0.1972453788251216
2025-08-09 08:00,0.306287529725252
2025-08-09 09:00,0.032157243903537164
2025-08-09 10:00,0.1312391273669431
2025-08-09 11:00,0.37076236991732914
2025-08-09 12:00,0.6594793646549753
2025-08-09 13:00,0.41906260584233695
2025-08-09 14:00,4.731705766616101
2025-08-09 15:00,16.21186557468822
2025-08-09 16:00,24.161971818910608
2025-08-09 17:00,36.52619277296273
2025-08-09 18:00,28.266207613793014
2025-08-09 19:00,7.283605723034567
2025-08-09 20:00,2.431476187695849
2025-08-09 21:00,8.332898324817439
2025-08-09 22:00,16.975749658007807
2025-08-09 23:00,17.258142734160074
2025-08-10 00:00,0.7819694472385614
2025-08-10 01:00,8.59441107856788
2025-08-10 02:00,6.587151913510703
2025-08-10 03:00,23.06586921340105
2025-08-10 04:00,24.151457260676622
2025-08-10 05:00,25.132846019661685
2025-08-10 06:00,33.29440013720147
2025-08-10 07:00,28.13723907418501
2025-08-10 08:00,28.258743809297535
2025-08-10 09:00,29.328302795384765
2025-08-10 10:00,27.717824577841856
2025-08-10 11:00,18.479634514894293
2025-08-10 12:00,16.02602669187769
2025-08-10 13:00,14.850215972644538
2025-08-10 14:00,14.267051963586457
2025-08-10 15:00,10.038087264956895
2025-08-10 16:00,15.191502451740073
2025-08-10 17:00,6.344859681756148
2025-08-10 18:00,8.87768667814777
2025-08-10 19:00,1.7383818625363534
2025-08-10 20:00,0.30166240997766924
2025-08-10 21:00,0.7612523800843303
2025-08-10 22:00,0.018537051108454383
2025-08-10 23:00,0.022327227501094615
2025-08-11 00:00,0.129338944445461
2025-08-11 01:00,0.23449409964502138
2025-08-11 02:00,0.15814108751181022
2025-08-11 03:00,1.5915726747425663
2025-08-11 04:00,0.0
2025-08-11 05:00,0.012751282405026099
2025-08-11 06:00,0.06824075141781583
2025-08-11 07:00,0.05744000764611168
2025-08-11 08:00,0.056458336983487234
2025-08-11 09:00,0.0
2025-08-11 10:00,0.05311463961589391
2025-08-11 11:00,0.12528453550569552
2025-08-11 12:00,0.8876731522473319
2025-08-11 13:00,1.7418647703073287
2025-08-11 14:00,0.0
2025-08-11 15:00,4.125046623300301
2025-08-11 16:00,5.419010973741156
2025-08-11 17:00,1.4734621718144392
2025-08-11 18:00,3.965581427193867
2025-08-11 19:00,5.55544426394635
2025-08-11 20:00,1.2133003875073056
2025-08-11 21:00,2.3701339654936167
2025-08-11 22:00,5.304907604489038
2025-08-11 23:00,2.4010896245016857
2025-08-12 00:00,0.0
2025-08-12 01:00,0.017389257725145546
2025-08-12 02:00,0.1414195882625615
2025-08-12 03:00,0.2081170054897089
2025-08-12 04:00,0.0323452569129703
2025-08-12 05:00,0.22964274159192888
2025-08-12 06:00,0.5227713673795138
2025-08-12 07:00,0.24816121596503019
2025-08-12 08:00,0.0556587597163309
2025-08-12 09:00,0.013203224575152037
2025-08-12 10:00,0.5790678567168734
2025-08-12 11:00,7.169295090081375
2025-08-12 12:00,1.3012025314508284
2025-08-12 13:00,5.32065811795064
2025-08-12 14:00,3.679773105042471
2025-08-12 15:00,9.244664026316364
2025-08-12 16:00,2.394892042898532
2025-08-12 17:00,12.168085579772917
2025-08-12 18:00,24.19653481525956
2025-08-12 19:00,13.22494483229961
2025-08-12 20:00,19.736829360490916
2025-08-12 21:00,7.673080597959659
2025-08-12 22:00,17.22817025803797
2025-08-12 23:00,13.487977260082445
2025-08-13 00:00,19.698148878538376
2025-08-13 01:00,27.04466812060189
2025-08-13 02:00,34.40148990709418
2025-08-13 03:00,32.690114288444946
2025-08-13 04:00,31.40380239147713
2025-08-13 05:00,35.12275492142962
2025-08-13 06:00,36.40058140109631
2025-08-13 07:00,35.74414634052261
2025-08-13 08:00,37.518226093193064
2025-08-13 09:00,44.5481533860298
2025-08-13 10:00,39.26715541846815
2025-08-13 11:00,38.69937447842926
2025-08-13 12:00,38.712276621914526
2025-08-13 13:00,40.13519665315411
2025-08-13 14:00,38.83925743515768
2025-08-13 15:00,42.421024149075436
2025-08-13 16:00,39.309612419812254
2025-08-13 17:00,43.54059306910097
2025-08-13 18:00,40.162724007414525
2025-08-13 19:00,37.38095955182657
2025-08-13 20:00,27.62402549242216
2025-08-13 21:00,25.884737285623377
2025-08-13 22:00,23.129093253938887
2025-08-13 23:00,26.22076703554982
2025-08-14 00:00,34.98871253556253
2025-08-14 01:00,37.95672240707327
2025-08-14 02:00,25.201642348518437
2025-08-14 03:00,25.32563209902342
2025-08-14 04:00,27.073845452729397
2025-08-14 05:00,26.617918199231784
2025-08-14 06:00,20.100125896902263
2025-08-14 07:00,14.75057806736552
2025-08-14 08:00,21.829168953060588
2025-08-14 09:00,15.28924449887173
2025-08-14 10:00,8.468445598654746
2025-08-14 11:00,2.019786703345558
2025-08-14 12:00,3.3118622011821666
2025-08-14 13:00,5.4068648650650974
2025-08-14 14:00,6.6863276056787
2025-08-14 15:00,8.61814950400732
2025-08-14 16:00,11.051052336057694
2025-08-14 17:00,11.360239136269392
2025-08-14 18:00,12.11494314223399
2025-08-14 19:00,11.617233498985096
2025-08-14 20:00,3.886273186805732
2025-08-14 21:00,3.6652166188301445
2025-08-14 22:00,2.9082900123143816
2025-08-14 23:00,3.2520683891910753
2025-08-15 00:00,0.0
2025-08-15 01:00,0.012581546129358356
2025-08-15 02:00,0.7030642247614587
2025-08-15 03:00,0.0
2025-08-15 04:00,0.024861076826538264
2025-08-15 05:00,0.15974765801226476
2025-08-15 06:00,1.397269544109889
2025-08-15 07:00,0.47137265817139173
2025-08-15 08:00,0.21053644989339704
2025-08-15 09:00,0.0
2025-08-15 10:00,0.1693337595024245
2025-08-15 11:00,0.06507308115041383
2025-08-15 12:00,0.6389362749207794
2025-08-15 13:00,5.078798741269338
2025-08-15 14:00,5.383194268788624
2025-08-15 15:00,5.216736534382737
2025-08-15 16:00,3.6311786129559076
2025-08-15 17:00,3.3853531875328224
2025-08-15 18:00,3.029535622428745
2025-08-15 19:00,0.1428242494121602
2025-08-15 20:00,0.0442561613202138
2025-08-15 21:00,0.006009634578670486
2025-08-15 22:00,0.0
2025-08-15 23:00,0.0
2025-08-16 00:00,0.04825275135029239
2025-08-16 01:00,0.0
2025-08-16 02:00,0.0
2025-08-16 03:00,0.04225661515535656
2025-08-16 04:00,0.12411313343238162
2025-08-16 05:00,0.008648121473320058
2025-08-16 06:00,0.02145826181125382
2025-08-16 07:00,0.2572485255122027
2025-08-16 08:00,0.6982162240130729
2025-08-16 09:00,0.10290604615132694
2025-08-16 10:00,0.0
2025-08-16 11:00,0.11108943143556749
2025-08-16 12:00,0.6540615245120744
2025-08-16 13:00,3.7943536986027895
2025-08-16 14:00,4.1809267818336275
2025-08-16 15:00,5.337722205464358
2025-08-16 16:00,5.561339001871454
2025-08-16 17:00,5.378788349222999
2025-08-16 18:00,2.3577081743599817
2025-08-16 19:00,1.6266563000981695
2025-08-16 20:00,0.10441124855222261
2025-08-16 21:00,0.0
2025-08-16 22:00,1.2722158405006976
2025-08-16 23:00,1.123653007111839
2025-08-17 00:00,1.7701963696466403
2025-08-17 01:00,1.287926334796758
2025-08-17 02:00,0.7361317007029842
2025-08-17 03:00,0.6723461112689726
2025-08-17 04:00,0.836941132760161
2025-08-17 05:00,0.3139810656419917
2025-08-17 06:00,1.3878481953366217
2025-08-17 07:00,0.3237652338946223
2025-08-17 08:00,0.29708961000891987
2025-08-17 09:00,0.0
2025-08-17 10:00,0.0
2025-08-17 11:00,0.0
2025-08-17 12:00,2.16131280181778
2025-08-17 13:00,2.3550302233793703
2025-08-17 14:00,4.267593022415825
2025-08-17 15:00,6.64138382739744
2025-08-17 16:00,3.500606022623404
2025-08-17 17:00,2.4563937273527308
2025-08-17 18:00,2.9709893998219847
2025-08-17 19:00,0.27088289522880027
2025-08-17 20:00,0.0023721208153397177
2025-08-17 21:00,0.13210602051676745
2025-08-17 22:00,0.1861933512096099
2025-08-17 23:00,0.176927132601279
2025-08-18 00:00,0.0
2025-08-18 01:00,0.18863568044253004
2025-08-18 02:00,0.6620843990358773
2025-08-18 03:00,7.777944782048054
2025-08-18 04:00,0.907490362618973
2025-08-18 05:00,0.4807194999241531
2025-08-18 06:00,1.9782390953441324
2025-08-18 07:00,0.3730260207013993
2025-08-18 08:00,0.35803751570180853
2025-08-18 09:00,0.509734738797686
2025-08-18 10:00,0.0
2025-08-18 11:00,0.20339185585235944
2025-08-18 12:00,0.16553855999344055
2025-08-18 13:00,0.09902236765469248
2025-08-18 14:00,0.5341484525420482
2025-08-18 15:00,1.218407183572595
2025-08-18 16:00,4.289389583745306
2025-08-18 17:00,9.227851696687956
2025-08-18 18:00,3.4450825128273674
2025-08-18 19:00,1.656647564321016
2025-08-18 20:00,0.11925311788175352
2025-08-18 21:00,0.0
2025-08-18 22:00,0.28091637243919276
2025-08-18 23:00,3.3871922698750048
2025-08-19 00:00,2.590298953373286
2025-08-19 01:00,6.732723495287944
2025-08-19 02:00,8.899681789782575
2025-08-19 03:00,5.06293134729331
2025-08-19 04:00,3.913942688005182
2025-08-19 05:00,7.4383162975583845
2025-08-19 06:00,10.459988028970512
2025-08-19 07:00,7.381015156092099
2025-08-19 08:00,8.159899440060354
2025-08-19 09:00,2.240141436810684
2025-08-19 10:00,1.2694119513195103
2025-08-19 11:00,0.5430186846733052
2025-08-19 12:00,4.938586098342511
2025-08-19 13:00,2.582887548364881
2025-08-19 14:00,7.044654022647961
2025-08-19 15:00,5.668564150387627
2025-08-19 16:00,6.486058921061673
2025-08-19 17:00,7.145703712177479
2025-08-19 18:00,10.051330997786145
2025-08-19 19:00,4.649835386298462
2025-08-19 20:00,3.08409312449984
2025-08-19 21:00,2.8098773652982887
2025-08-19 22:00,2.27984520824539
2025-08-19 23:00,2.1034922792489033
2025-08-20 00:00,3.1434309902018804
2025-08-20 01:00,3.647278776919377
2025-08-20 02:00,2.414314547105046
2025-08-20 03:00,2.2456705149651723
2025-08-20 04:00,5.9159963960741395
2025-08-20 05:00,11.114380811647537
2025-08-20 06:00,6.768507678510778
2025-08-20 07:00,8.551253142184363
2025-08-20 08:00,5.7749422165432165
2025-08-20 09:00,0.9187786288568482
2025-08-20 10:00,1.2153914272585276
2025-08-20 11:00,0.8294495068963844
2025-08-20 12:00,5.749634791226843
2025-08-20 13:00,1.404573178549049
2025-08-20 14:00,6.969593027573629
2025-08-20 15:00,5.694896109518364
2025-08-20 16:00,5.878687338607564
2025-08-20 17:00,8.093301263262516
2025-08-20 18:00,4.1493423350241905
2025-08-20 19:00,1.7437276899316427
2025-08-20 20:00,0.4065992341287281
2025-08-20 21:00,0.3708646760923606
2025-08-20 22:00,1.5961580746213873
2025-08-20 23:00,0.2713510138975379
2025-08-21 00:00,0.04205712466930822
2025-08-21 01:00,0.93953947529292
2025-08-21 02:00,1.2409572997081313
2025-08-21 03:00,0.4998982840783768
2025-08-21 04:00,0.4579737538271496
2025-08-21 05:00,0.0
2025-08-21 06:00,0.04261694861574372
2025-08-21 07:00,0.0
2025-08-21 08:00,0.008984376011028403
2025-08-21 09:00,0.8455981066490891
2025-08-21 10:00,0.848381660884385
2025-08-21 11:00,0.22232221914355452
2025-08-21 12:00,0.0
2025-08-21 13:00,0.2660505088409066
2025-08-21 14:00,0.8572276456908792
2025-08-21 15:00,6.72101414226055
2025-08-21 16:00,2.9312836059572027
2025-08-21 17:00,2.758897197455709
2025-08-21 18:00,0.9600468120590934
2025-08-21 19:00,0.21154593659172716
2025-08-21 20:00,0.07871570153103935
2025-08-21 21:00,0.841773970265473
2025-08-21 22:00,0.10964162394189281
2025-08-21 23:00,0.05070991940017955
2025-08-22 00:00,0.1273218342489707
2025-08-22 01:00,0.055328823636763724
2025-08-22 02:00,0.20358777525597238
2025-08-22 03:00,0.012034102746345199
2025-08-22 04:00,0.04991074526177852
2025-08-22 05:00,0.09002137152989881
2025-08-22 06:00,0.0
2025-08-22 07:00,0.05247615167779368
2025-08-22 08:00,0.0
2025-08-22 09:00,0.0
2025-08-22 10:00,0.0
2025-08-22 11:00,0.4808737964672383
2025-08-22 12:00,3.1538041108669046
2025-08-22 13:00,2.833720709904337
2025-08-22 14:00,2.7818510915944734
2025-08-22 15:00,4.063986856254185
2025-08-22 16:00,2.2990944818109447
2025-08-22 17:00,1.287697067776389
2025-08-22 18:00,1.2787366936183664
2025-08-22 19:00,0.9415408851163678
2025-08-22 20:00,0.05110237991571154
2025-08-22 21:00,0.8632318427834675
2025-08-22 22:00,1.0924727392290756
2025-08-22 23:00,0.002536877804162563
2025-08-23 00:00,0.0
2025-08-23 01:00,0.0
2025-08-23 02:00,0.07113275073009073
2025-08-23 03:00,0.07144646367928129
2025-08-23 04:00,0.23497469108219698
2025-08-23 05:00,0.0952287042166377
2025-08-23 06:00,0.08351769535246623
2025-08-23 07:00,0.06951637801507576
2025-08-23 08:00,0.09279954556460979
2025-08-23 09:00,0.0
2025-08-23 10:00,0.33482115201403806
2025-08-23 11:00,0.08355305444801182
2025-08-23 12:00,0.0
2025-08-23 13:00,0.39546978128369253
2025-08-23 14:00,4.078606920212588
2025-08-23 15:00,4.141907115947318
2025-08-23 16:00,3.128579361266518
2025-08-23 17:00,0.6672671525783581
2025-08-23 18:00,0.553379758359398
2025-08-23 19:00,0.3175029567787194
2025-08-23 20:00,0.30522885081459816
2025-08-23 21:00,0.3471366074148632
2025-08-23 22:00,0.00342062247331254
2025-08-23 23:00,0.07998787195819773
2025-08-24 00:00,0.22184673486001116
2025-08-24 01:00,0.0696688890320622
2025-08-24 02:00,0.0
2025-08-24 03:00,0.0
2025-08-24 04:00,0.08652114327259852
2025-08-24 05:00,0.8131709449518634
2025-08-24 06:00,3.5844695439177494
2025-08-24 07:00,0.054334915304075304
2025-08-24 08:00,0.23509372895518932
2025-08-24 09:00,0.04635046728167211
2025-08-24 10:00,0.06843472216185596
2025-08-24 11:00,0.4933377899023208
2025-08-24 12:00,0.6864300979009799
2025-08-24 13:00,7.192930989178959
2025-08-24 14:00,5.6407230120544405
2025-08-24 15:00,5.365057692274787
2025-08-24 16:00,4.782278840623579
2025-08-24 17:00,2.5135424548672622
2025-08-24 18:00,1.666925914464335
2025-08-24 19:00,0.0595716179636403
2025-08-24 20:00,0.6143016416568028
2025-08-24 21:00,0.0067636866505413895
2025-08-24 22:00,1.4912294703802276
2025-08-24 23:00,2.4198754170680807
2025-08-25 00:00,2.5562135492175613
2025-08-25 01:00,0.38221161447804786
2025-08-25 02:00,2.866087797613223
2025-08-25 03:00,1.8671423907183755
2025-08-25 04:00,5.171042122605913
2025-08-25 05:00,2.123874146502455
2025-08-25 06:00,1.8927884124249241
2025-08-25 07:00,3.840302641150142
2025-08-25 08:00,2.20903963237857
2025-08-25 09:00,1.9849400025172437
2025-08-25 10:00,1.5435061984327272
2025-08-25 11:00,1.4390530433600628
2025-08-25 12:00,1.630457700193965
2025-08-25 13:00,6.575325410591445
2025-08-25 14:00,8.772823807543682
2025-08-25 15:00,8.502391535237996
2025-08-25 16:00,14.964123152879319
2025-08-25 17:00,21.935053742283998
2025-08-25 18:00,22.11057722399919
2025-08-25 19:00,26.674502469269093
2025-08-25 20:00,19.35828477362054
2025-08-25 21:00,27.832171492228994
2025-08-25 22:00,29.748543393584868
2025-08-25 23:00,25.15179727659234
2025-08-26 00:00,31.849772834205467
2025-08-26 01:00,36.704240289279376
2025-08-26 02:00,37.99564319547459
2025-08-26 03:00,43.384680981390034
2025-08-26 04:00,42.50975659707974
2025-08-26 05:00,42.483311720106045
2025-08-26 06:00,40.60355317840333
2025-08-26 07:00,34.8616327248093
2025-08-26 08:00,27.21732040203034
2025-08-26 09:00,12.411322273597293
2025-08-26 10:00,12.811114061095502
2025-08-26 11:00,21.235139053293274
2025-08-26 12:00,12.261811896513727
2025-08-26 13:00,4.792341159464183
2025-08-26 14:00,1.261325846148357
2025-08-26 15:00,1.8049348195156183
2025-08-26 16:00,0.27369314142295653
2025-08-26 17:00,2.504488440976665
2025-08-26 18:00,3.6210860494971078
2025-08-26 19:00,6.397208861121743
2025-08-26 20:00,4.670028861112186
2025-08-26 21:00,0.14372866331389567
2025-08-26 22:00,0.9342618321409508
2025-08-26 23:00,0.35145936994628324
2025-08-27 00:00,0.07554391084431
2025-08-27 01:00,0.6694896154954777
2025-08-27 02:00,1.8382614069543688
2025-08-27 03:00,0.11022784071571523
2025-08-27 04:00,0.49706937699356013
2025-08-27 05:00,0.6145181641406425
2025-08-27 06:00,0.5621016356788076
2025-08-27 07:00,0.0
2025-08-27 08:00,0.03858633657320221
2025-08-27 09:00,0.6634484650225034
2025-08-27 10:00,0.03405784732753339
2025-08-27 11:00,0.13758803044677545
2025-08-27 12:00,0.400028716018955
2025-08-27 13:00,0.5673840024244076
2025-08-27 14:00,2.5004833439487117
2025-08-27 15:00,2.8829194858664393
2025-08-27 16:00,1.4837026088790757
2025-08-27 17:00,2.24652688390194
2025-08-27 18:00,1.064170415078504
2025-08-27 19:00,0.3101172977885047
2025-08-27 20:00,0.3637306236002078
2025-08-27 21:00,0.03146419440901016
2025-08-27 22:00,0.1180247082571565
2025-08-27 23:00,0.19008317891289844
2025-08-28 00:00,0.26227686464671385
2025-08-28 01:00,0.10238754311421433
2025-08-28 02:00,0.039908398639314446
2025-08-28 03:00,1.4717199803010408
2025-08-28 04:00,6.971404804106189
2025-08-28 05:00,6.329087111390015
2025-08-28 06:00,7.232393244552379
2025-08-28 07:00,2.24503840335392
2025-08-28 08:00,1.2724923090659626
2025-08-28 09:00,7.536936527014141
2025-08-28 10:00,10.263474694647206
2025-08-28 11:00,7.506490863392339
2025-08-28 12:00,7.934144999910632
2025-08-28 13:00,5.595324278672114
2025-08-28 14:00,6.7812087582522365
2025-08-28 15:00,11.052489452224645
2025-08-28 16:00,18.718441971336063
2025-08-28 17:00,18.582674774109307
2025-08-28 18:00,16.731023312471734
2025-08-28 19:00,12.025214269553716
2025-08-28 20:00,14.07327152417504
2025-08-28 21:00,10.213563630620827
2025-08-28 22:00,8.081387222141379
2025-08-28 23:00,15.515190457006982
2025-08-29 00:00,16.505485795515057
2025-08-29 01:00,15.848406077627358
2025-08-29 02:00,19.28997235932924
2025-08-29 03:00,14.72229086930321
2025-08-29 04:00,19.717835835769886
2025-08-29 05:00,14.79062314114109
2025-08-29 06:00,12.66932374839248
2025-08-29 07:00,7.828771917586875
2025-08-29 08:00,11.97625991484278
2025-08-29 09:00,1.7329382809607625
2025-08-29 10:00,1.6695793910388894
2025-08-29 11:00,1.33720935764454
2025-08-29 12:00,1.0424486752569508
2025-08-29 13:00,4.71525078319983
2025-08-29 14:00,4.6629207785628575
2025-08-29 15:00,5.289351982289415
2025-08-29 16:00,5.257084772946298
2025-08-29 17:00,8.464511853639841
2025-08-29 18:00,4.396744825652496
2025-08-29 19:00,2.8315218253228203
2025-08-29 20:00,1.7582463015538812
2025-08-29 21:00,1.6954133823076831
2025-08-29 22:00,2.9983144089194047
2025-08-29 23:00,3.4025035824317325
2025-08-30 00:00,1.9432406579922032
2025-08-30 01:00,2.495445641819069
2025-08-30 02:00,2.4228304313432245
2025-08-30 03:00,1.152006841078757
2025-08-30 04:00,2.292128798641299
2025-08-30 05:00,2.028046501221313
2025-08-30 06:00,6.7977785690735235
2025-08-30 07:00,3.8857272719344556
2025-08-30 08:00,1.1576192538828178
2025-08-30 09:00,0.008933372543350138
2025-08-30 10:00,0.07833053568428798
2025-08-30 11:00,0.06688071548832777
2025-08-30 12:00,0.2698256066515969
2025-08-30 13:00,0.5128770034965919
2025-08-30 14:00,6.197692626925238
2025-08-30 15:00,4.096111641459367
2025-08-30 16:00,4.85775722991516
2025-08-30 17:00,3.604843589576845
2025-08-30 18:00,1.9497414653306016
2025-08-30 19:00,0.0
2025-08-30 20:00,0.07872827657284032
2025-08-30 21:00,0.2848893400173109
2025-08-30 22:00,0.0
2025-08-30 23:00,0.03028455558983012
2025-08-31 00:00,0.0
2025-08-31 01:00,0.158371543192795
2025-08-31 02:00,0.13966906400236856
2025-08-31 03:00,0.022923024868424624
2025-08-31 04:00,0.03392221631052483
2025-08-31 05:00,0.11522906444971448
2025-08-31 06:00,2.7356182744819484
2025-08-31 07:00,0.021910398964035016
2025-08-31 08:00,0.4393731839135564
2025-08-31 09:00,0.02947802174679459
2025-08-31 10:00,2.458736885166419
2025-08-31 11:00,3.646435408206494
2025-08-31 12:00,3.886807721334507
2025-08-31 13:00,10.112484604239492
2025-08-31 14:00,3.0878857792925034
2025-08-31 15:00,11.156591177927336
2025-08-31 16:00,20.187106520151477
2025-08-31 17:00,9.812526970412565
2025-08-31 18:00,12.321761993347655
2025-08-31 19:00,10.008651148193334
2025-08-31 20:00,9.754967283027117
2025-08-31 21:00,22.227570281543546
2025-08-31 22:00,29.11299517912695
2025-08-31 23:00,22.85433587428461
2025-09-01 00:00,12.38554749245397
2025-09-01 01:00,23.644386196161527
2025-09-01 02:00,33.279276012374694
2025-09-01 03:00,13.084499540506926
2025-09-01 04:00,11.301462160578609
2025-09-01 05:00,17.846308662572348
2025-09-01 06:00,17.776173743416706
2025-09-01 07:00,21.460226777305017
2025-09-01 08:00,31.00791328013792
2025-09-01 09:00,18.357957972074683
2025-09-01 10:00,19.171215520593325
2025-09-01 11:00,16.60170763577767
2025-09-01 12:00,27.195052004389233
2025-09-01 13:00,29.767957299249534
2025-09-01 14:00,33.488904490474496
2025-09-01 15:00,26.858270942154544
2025-09-01 16:00,24.85360631219439
2025-09-01 17:00,31.712874622866885
2025-09-01 18:00,21.997454951391923
2025-09-01 19:00,22.71976894225758
2025-09-01 20:00,16.072597252753376
2025-09-01 21:00,8.006804889118834
2025-09-01 22:00,6.074966406090258
2025-09-01 23:00,0.27374570070672
2025-09-02 00:00,0.143522919238823
2025-09-02 01:00,0.036916599702664143
2025-09-02 02:00,1.1871778318374548
2025-09-02 03:00,0.8392264631561366
2025-09-02 04:00,1.5746183774277647
2025-09-02 05:00,0.29774976105791073
2025-09-02 06:00,0.309950225185327
2025-09-02 07:00,0.0015835243368178126
2025-09-02 08:00,0.08689769226477762
2025-09-02 09:00,0.3762656718340159
2025-09-02 10:00,0.015287947248527856
2025-09-02 11:00,0.006521723083909915
2025-09-02 12:00,0.006951165170942885
2025-09-02 13:00,0.2960075273801998
2025-09-02 14:00,2.477895509142879
2025-09-02 15:00,0.417716432389296
2025-09-02 16:00,0.08412378665939037
2025-09-02 17:00,0.5222259902894635
2025-09-02 18:00,0.736182680825981
2025-09-02 19:00,0.37732531996317453
2025-09-02 20:00,0.9151799546277402
2025-09-02 21:00,0.8302544331264159
2025-09-02 22:00,0.6368301005085226
2025-09-02 23:00,0.2529512924990769
2025-09-03 00:00,0.22566044514114636
2025-09-03 01:00,0.12119916194381997
2025-09-03 02:00,0.19945887158184977
2025-09-03 03:00,0.04722666045075069
2025-09-03 04:00,0.05298242734189812
2025-09-03 05:00,0.06185687744489313
2025-09-03 06:00,1.1043455221929441
2025-09-03 07:00,0.021847900365969675
2025-09-03 08:00,0.05819533608450273
2025-09-03 09:00,0.0
2025-09-03 10:00,0.0
2025-09-03 11:00,0.0
2025-09-03 12:00,0.11817619677568514
2025-09-03 13:00,0.1908572328880279
2025-09-03 14:00,0.15420371556747628
2025-09-03 15:00,0.6022177187651623
2025-09-03 16:00,3.7424725790856828
2025-09-03 17:00,3.3464389150376723
2025-09-03 18:00,1.1962869985927616
2025-09-03 19:00,1.1628411241220804
2025-09-03 20:00,0.6103287925867085
2025-09-03 21:00,0.1440354241176387
2025-09-03 22:00,0.1347892239344288
2025-09-03 23:00,0.0
2025-09-04 00:00,0.0281781472694258
2025-09-04 01:00,0.2481557464755766
2025-09-04 02:00,0.1359685827957613
2025-09-04 03:00,0.17016048718606436
2025-09-04 04:00,0.3124170046683066
2025-09-04 05:00,0.23524285463201605
2025-09-04 06:00,1.3262312891527035
2025-09-04 07:00,1.2285001522095624
2025-09-04 08:00,1.2501971636851936
2025-09-04 09:00,0.6096672095539135
2025-09-04 10:00,0.4820842908638401
2025-09-04 11:00,0.8733478920190803
2025-09-04 12:00,1.152564602634275
2025-09-04 13:00,0.577599654104241
2025-09-04 14:00,9.481023870995816
2025-09-04 15:00,10.549566404805812
2025-09-04 16:00,12.472635114361614
2025-09-04 17:00,13.216952932639867
2025-09-04 18:00,7.8694070187079275
2025-09-04 19:00,9.987373372973751
2025-09-04 20:00,5.417276860585365
2025-09-04 21:00,5.0767555749616005
2025-09-04 22:00,4.326640792383061
2025-09-04 23:00,4.231648568591013
2025-09-05 00:00,0.14161056382556292
2025-09-05 01:00,0.18625702237284136
2025-09-05 02:00,0.3449314581284153
2025-09-05 03:00,0.24979813076215063
2025-09-05 04:00,0.25218203458531674
2025-09-05 05:00,0.24977818507252314
2025-09-05 06:00,0.24388302268517312
2025-09-05 07:00,0.31259228635236214
2025-09-05 08:00,0.052206382551227025
2025-09-05 09:00,0.0758830054542618
2025-09-05 10:00,0.1723311502967328
2025-09-05 11:00,0.32868995030897796
2025-09-05 12:00,0.365357321602764
2025-09-05 13:00,0.28372139962493076
2025-09-05 14:00,4.4261997025563184
2025-09-05 15:00,1.555557695544802
2025-09-05 16:00,1.7608427670175346
2025-09-05 17:00,6.235151545050635
2025-09-05 18:00,1.0752079343315497
2025-09-05 19:00,1.0739370754085733
2025-09-05 20:00,0.8435112385117289
2025-09-05 21:00,0.2771761431452495
2025-09-05 22:00,0.029539035236685746
2025-09-05 23:00,0.0
2025-09-06 00:00,17.01535810821641
2025-09-06 01:00,18.45170747888521
2025-09-06 02:00,17.4046240587071
2025-09-06 03:00,27.616132053970468
2025-09-06 04:00,20.21986198816117
2025-09-06 05:00,14.951274458862414
2025-09-06 06:00,19.208076837673804
2025-09-06 07:00,27.137236170604666
2025-09-06 08:00,24.184607416358403
2025-09-06 09:00,31.889723534400403
2025-09-06 10:00,23.51323788893079
2025-09-06 11:00,21.28494667793242
2025-09-06 12:00,24.015320573581487
2025-09-06 13:00,27.31268209204538
2025-09-06 14:00,18.391941297061848
2025-09-06 15:00,26.08826940719682
2025-09-06 16:00,27.254687083960278
2025-09-06 17:00,35.77195538220093
2025-09-06 18:00,30.015199073236655
2025-09-06 19:00,36.945069082117264
2025-09-06 20:00,37.6820681033082
2025-09-06 21:00,31.396935879874224
2025-09-06 22:00,42.84101606622747
2025-09-06 23:00,22.420925418155246
2025-09-07 00:00,35.53943118754963
2025-09-07 01:00,24.386401392730093
2025-09-07 02:00,31.06936395212639
2025-09-07 03:00,13.383630795147123
2025-09-07 04:00,17.316339190503488
2025-09-07 05:00,23.20714171396893
2025-09-07 06:00,11.325297362529586
2025-09-07 07:00,4.060264578630865
2025-09-07 08:00,0.130254261597874
2025-09-07 09:00,0.8299259519466109
2025-09-07 10:00,0.6014963895102968
2025-09-07 11:00,0.18899761857254133
2025-09-07 12:00,0.7945067024463187
2025-09-07 13:00,0.16485481722414408
2025-09-07 14:00,1.7136926479695709
2025-09-07 15:00,3.212855361450085
2025-09-07 16:00,0.20255900595781196
2025-09-07 17:00,1.4371190595338086
2025-09-07 18:00,2.3856779504274677
2025-09-07 19:00,3.7319733568040023
2025-09-07 20:00,2.119197177124793
2025-09-07 21:00,0.6165535852429032
2025-09-07 22:00,0.18150456885907262
2025-09-07 23:00,1.3557056300667996
2025-09-08 00:00,0.5725618279254339
2025-09-08 01:00,0.7943378463623962
2025-09-08 02:00,0.05930120397589134
2025-09-08 03:00,2.309778073278327
2025-09-08 04:00,1.967383037742771
2025-09-08 05:00,1.8793981705210043
2025-09-08 06:00,2.2688203089534094
2025-09-08 07:00,1.7844029787991293
2025-09-08 08:00,0.6544851505964093
2025-09-08 09:00,0.15379757410974923
2025-09-08 10:00,0.32422658350953865
2025-09-08 11:00,0.005247085173389512
2025-09-08 12:00,0.015130353594939819
2025-09-08 13:00,0.12048149160238572
2025-09-08 14:00,0.09202520312673332
2025-09-08 15:00,0.14084955373302013
2025-09-08 16:00,0.0
2025-09-08 17:00,1.0518058687505505
2025-09-08 18:00,1.6585504227099046
2025-09-08 19:00,1.3093510321705353
2025-09-08 20:00,1.5340609336278472
2025-09-08 21:00,0.6384829324821566
2025-09-08 22:00,0.17335230233410992
2025-09-08 23:00,0.9294774895995523
2025-09-09 00:00,2.1104904132884803
2025-09-09 01:00,3.421106740512534
2025-09-09 02:00,6.093032581506179
2025-09-09 03:00,3.353714166037415
2025-09-09 04:00,1.393912051461989
2025-09-09 05:00,0.8837811666502247
2025-09-09 06:00,0.08963303309695048
2025-09-09 07:00,1.3470164948867491
2025-09-09 08:00,2.5220986747598673
2025-09-09 09:00,0.0
2025-09-09 10:00,0.776495049017648
2025-09-09 11:00,8.426936097422441
2025-09-09 12:00,8.026325595135209
2025-09-09 13:00,0.565739148608913
2025-09-09 14:00,3.329276206664489
2025-09-09 15:00,2.67911656571675
2025-09-09 16:00,15.327956319478524
2025-09-09 17:00,19.550823178687317
2025-09-09 18:00,3.8409341189570667
2025-09-09 19:00,7.563073510113225
2025-09-09 20:00,0.9048868158218261
2025-09-09 21:00,0.31824178097940475
2025-09-09 22:00,0.32834915525656805
2025-09-09 23:00,0.050172401438787095
2025-09-10 00:00,0.14960173147771805
2025-09-10 01:00,0.27338473089138504
2025-09-10 02:00,2.7213966708341433
2025-09-10 03:00,3.2139527502375107
2025-09-10 04:00,5.463083277543409
2025-09-10 05:00,6.957856206628766
2025-09-10 06:00,7.356831863610623
2025-09-10 07:00,0.5716995133217879
2025-09-10 08:00,3.724799836409234
2025-09-10 09:00,5.805757960986662
2025-09-10 10:00,8.119065784190557
2025-09-10 11:00,11.937918530546106
2025-09-10 12:00,8.297136025479704
2025-09-10 13:00,5.807577702346584
2025-09-10 14:00,2.6607718680206736
2025-09-10 15:00,3.0322439392909932
2025-09-10 16:00,4.105694154217756
2025-09-10 17:00,12.087852499292943
2025-09-10 18:00,8.310042099289074
2025-09-10 19:00,12.880926140808926
2025-09-10 20:00,21.758651325160223
2025-09-10 21:00,14.753112641505481
2025-09-10 22:00,4.696087971683695
2025-09-10 23:00,6.645324494662987
2025-09-11 00:00,1.5120969116930212
2025-09-11 01:00,0.19715073992687715
2025-09-11 02:00,0.38589719067979755
2025-09-11 03:00,0.2207529272764014
2025-09-11 04:00,1.1069686263876342
2025-09-11 05:00,1.0632938649182915
2025-09-11 06:00,1.6752054942531123
2025-09-11 07:00,1.8605152435718963
2025-09-11 08:00,3.0157546955656107
2025-09-11 09:00,3.6068934602783953
2025-09-11 10:00,2.1045052506339497
2025-09-11 11:00,0.6670488010499462
2025-09-11 12:00,0.37636026553726204
2025-09-11 13:00,0.4110115682259555
2025-09-11 14:00,0.09840323748286806
2025-09-11 15:00,0.09840323748286806
2025-09-11 16:00,0.012553989396579535
2025-09-11 17:00,0.45788368499577414
2025-09-11 18:00,1.2972652471653225
2025-09-11 19:00,3.8392735936903875
2025-09-11 20:00,7.737131721751538
2025-09-11 21:00,2.2712004084664184
2025-09-11 22:00,0.26395994514407306
2025-09-11 23:00,0.0
2025-09-12 00:00,0.0
2025-09-12 01:00,0.0
2025-09-12 02:00,1.470850970286833
2025-09-12 03:00,2.773314300417047
2025-09-12 04:00,2.188745909562984
2025-09-12 05:00,1.6001727596154858
2025-09-12 06:00,3.110280990808417
2025-09-12 07:00,6.260557178582783
2025-09-12 08:00,1.5299464581148476
2025-09-12 09:00,0.6889825913085511
2025-09-12 10:00,0.44827096832340946
2025-09-12 11:00,0.6053498386029423
2025-09-12 12:00,1.8734181934245124
2025-09-12 13:00,1.9123721819204735
2025-09-12 14:00,1.247036894468608
2025-09-12 15:00,1.822572016476282
2025-09-12 16:00,2.8799168653591156
2025-09-12 17:00,11.2372384833535
2025-09-12 18:00,7.7914738449746075
2025-09-12 19:00,8.77527035126774
2025-09-12 20:00,0.2606104064996011
2025-09-12 21:00,1.7126771730171262
2025-09-12 22:00,3.7151500274896443
2025-09-12 23:00,0.2163511810638004
2025-09-13 00:00,28.618681793403205
2025-09-13 01:00,34.183669662310095
2025-09-13 02:00,38.03394615012349
2025-09-13 03:00,47.19573682018178
2025-09-13 04:00,48.87596934455123
2025-09-13 05:00,49.502172607246195
2025-09-13 06:00,49.23200750302418
2025-09-13 07:00,49.56902557964633
2025-09-13 08:00,50.01468044570291
2025-09-13 09:00,50.294911904921626
2025-09-13 10:00,24.244308042246267
2025-09-13 11:00,25.90807836998512
2025-09-13 12:00,24.25331569841346
2025-09-13 13:00,11.482914432520207
2025-09-13 14:00,12.763463690942409
2025-09-13 15:00,8.718587884961478
2025-09-13 16:00,4.901812791003286
2025-09-13 17:00,4.480601036077015
2025-09-13 18:00,2.595497286811584
2025-09-13 19:00,1.893158935307281
2025-09-13 20:00,2.80310173189177
2025-09-13 21:00,1.087847626439559
2025-09-13 22:00,0.05242811770714062
2025-09-13 23:00,0.005722262804433553
2025-09-14 00:00,1.0064804123671411
2025-09-14 01:00,4.925144946079923
2025-09-14 02:00,3.067186648439893
2025-09-14 03:00,2.882284424301489
2025-09-14 04:00,4.770654582317217
2025-09-14 05:00,0.5441818219514163
2025-09-14 06:00,1.153834042609868
2025-09-14 07:00,0.017693827968493725
2025-09-14 08:00,0.4432230836512625
2025-09-14 09:00,0.30040141539701953
2025-09-14 10:00,0.013391524795998392
2025-09-14 11:00,0.008497203652833704
2025-09-14 12:00,0.0
2025-09-14 13:00,0.506651601828601
2025-09-14 14:00,2.3082478779078817
2025-09-14 15:00,0.43929126234280574
2025-09-14 16:00,0.1437889709206046
2025-09-14 17:00,0.0008793375182163388
2025-09-14 18:00,0.8513201404072386
2025-09-14 19:00,0.6520404287014538
2025-09-14 20:00,0.48920832645722023
2025-09-14 21:00,1.7947201724176927
2025-09-14 22:00,0.01366656337910263
2025-09-14 23:00,0.24037731945069635
2025-09-15 00:00,0.285637777306602
2025-09-15 01:00,0.0
2025-09-15 02:00,0.06991705996965084
2025-09-15 03:00,0.04783149653785609
2025-09-15 04:00,0.354083584176743
2025-09-15 05:00,1.1917809920025115
2025-09-15 06:00,0.19595585456888948
2025-09-15 07:00,0.06863910874083456
2025-09-15 08:00,0.037097242388114134
2025-09-15 09:00,0.14343745040423228
2025-09-15 10:00,0.36886041569746064
2025-09-15 11:00,0.3711707727611945
2025-09-15 12:00,0.0
2025-09-15 13:00,0.0
2025-09-15 14:00,0.002738270769423066
2025-09-15 15:00,0.04754949324080304
2025-09-15 16:00,0.11215806723312238
2025-09-15 17:00,2.0894649407986874
2025-09-15 18:00,0.25671713972805366
2025-09-15 19:00,0.20164309493334542
2025-09-15 20:00,0.3206947893356274
2025-09-15 21:00,0.059717016347150986
2025-09-15 22:00,0.023987976016292545
2025-09-15 23:00,0.030419801219686463
2025-09-16 00:00,0.015953550738018574
2025-09-16 01:00,0.06790805491722862
2025-09-16 02:00,0.21296351136099156
2025-09-16 03:00,0.20698740285462736
2025-09-16 04:00,0.23656077499678568
2025-09-16 05:00,0.19975578711390196
2025-09-16 06:00,0.17309679345087703
2025-09-16 07:00,0.0
2025-09-16 08:00,1.0276680663081763
2025-09-16 09:00,0.43998183650474837
2025-09-16 10:00,0.0
2025-09-16 11:00,1.1986317631730654
2025-09-16 12:00,6.242152532850779
2025-09-16 13:00,5.120171318271263
2025-09-16 14:00,8.417549627997888
2025-09-16 15:00,10.85176524274765
2025-09-16 16:00,15.769443130698871
2025-09-16 17:00,26.18887306919264
2025-09-16 18:00,30.507356103127304
2025-09-16 19:00,29.104963608522027
2025-09-16 20:00,34.23691667306414
2025-09-16 21:00,19.390548449742763
2025-09-16 22:00,6.784589048646113
2025-09-16 23:00,17.685047056511
2025-09-17 00:00,37.03718357966767
2025-09-17 01:00,36.64789664494515
2025-09-17 02:00,36.03663778747363
2025-09-17 03:00,34.03904167533794
2025-09-17 04:00,35.39310234552146
2025-09-17 05:00,25.938804872384566
2025-09-17 06:00,14.040332874755586
2025-09-17 07:00,17.8514586414748
2025-09-17 08:00,24.182024713371263
2025-09-17 09:00,19.831178693242
2025-09-17 10:00,20.960081437811787
2025-09-17 11:00,24.997067327461224
2025-09-17 12:00,20.985822647623426
2025-09-17 13:00,15.28154603539302
2025-09-17 14:00,18.228460889586653
2025-09-17 15:00,20.25080313114239
2025-09-17 16:00,16.016637175188453
2025-09-17 17:00,15.781300640224035
2025-09-17 18:00,18.121495186982273
2025-09-17 19:00,27.874931731518274
2025-09-17 20:00,21.797088568502044
2025-09-17 21:00,17.773189060055262
2025-09-17 22:00,9.190414153251549
2025-09-17 23:00,8.07921530317363
2025-09-18 00:00,15.279319339495402
2025-09-18 01:00,12.164029337458821
2025-09-18 02:00,7.137399960389201
2025-09-18 03:00,7.650311868252668
2025-09-18 04:00,9.919689808100133
2025-09-18 05:00,12.409839127425972
2025-09-18 06:00,13.928663452099364
2025-09-18 07:00,7.126604766110262
2025-09-18 08:00,7.915422533071117
2025-09-18 09:00,2.3285697339438185
2025-09-18 10:00,0.752737128949478
2025-09-18 11:00,0.5856362886506553
2025-09-18 12:00,0.48118982928160686
2025-09-18 13:00,0.6370966855138629
2025-09-18 14:00,0.4974593439256019
2025-09-18 15:00,0.09151904367315943
2025-09-18 16:00,0.2715263585162323
2025-09-18 17:00,1.3308064137362896
2025-09-18 18:00,0.2966438293841538
2025-09-18 19:00,0.310489549464416
2025-09-18 20:00,0.20174219206603272
2025-09-18 21:00,0.6475144332089178
2025-09-18 22:00,1.56793082585544
2025-09-18 23:00,0.93157549590839
2025-09-19 00:00,2.3799874368291745
2025-09-19 01:00,1.9957761638613785
2025-09-19 02:00,1.2086226319914921
2025-09-19 03:00,1.0452024576171448
2025-09-19 04:00,2.9967026767646714
2025-09-19 05:00,3.7185915641186345
2025-09-19 06:00,1.8500790015145143
2025-09-19 07:00,2.2634080543797133
2025-09-19 08:00,2.902483202798738
2025-09-19 09:00,1.4337760097400385
2025-09-19 10:00,1.450778575598969
2025-09-19 11:00,1.460229108385657
2025-09-19 12:00,1.6745621184722896
2025-09-19 13:00,2.169556397274125
2025-09-19 14:00,1.9484748131281169
2025-09-19 15:00,1.1083153997818393
2025-09-19 16:00,1.5160429935890063
2025-09-19 17:00,4.0289796370007975
2025-09-19 18:00,6.122470692727046
2025-09-19 19:00,6.9416025002137065
2025-09-19 20:00,7.471809199889261
2025-09-19 21:00,10.511601436101415
2025-09-19 22:00,20.509816086543267
2025-09-19 23:00,16.257077515121033
2025-09-20 00:00,49.6869700171138
2025-09-20 01:00,51.572039665352236
2025-09-20 02:00,50.644902721391816
2025-09-20 03:00,51.34173548280679
2025-09-20 04:00,53.5452330040849
2025-09-20 05:00,58.476461200442074
2025-09-20 06:00,38.2147694097105
2025-09-20 07:00,12.57522528777874
2025-09-20 08:00,6.757404426547131
2025-09-20 09:00,15.947564680231988
2025-09-20 10:00,29.571332830781827
2025-09-20 11:00,23.045079347524364
2025-09-20 12:00,19.067658833207
2025-09-20 13:00,31.63210054139327
2025-09-20 14:00,34.65990970629961
2025-09-20 15:00,22.468047010943216
2025-09-20 16:00,41.15976640497307
2025-09-20 17:00,42.43438100994557
2025-09-20 18:00,34.79319587468976
2025-09-20 19:00,29.484023655253495
2025-09-20 20:00,19.298829563274914
2025-09-20 21:00,7.7582107782903575
2025-09-20 22:00,4.9047081251283675
2025-09-20 23:00,5.323858671503629
2025-09-21 00:00,1.6383704031606372
2025-09-21 01:00,1.5772304190826847
2025-09-21 02:00,1.1583707349131767
2025-09-21 03:00,3.5884396274637402
2025-09-21 04:00,4.892671989529676
2025-09-21 05:00,2.810898446747567
2025-09-21 06:00,4.08857497312649
2025-09-21 07:00,4.273533070810721
2025-09-21 08:00,17.786303354592633
2025-09-21 09:00,13.858781123086366
2025-09-21 10:00,12.54897942979833
2025-09-21 11:00,8.957675888636626
2025-09-21 12:00,10.176073535103399
2025-09-21 13:00,7.211529585790656
2025-09-21 14:00,11.605249065961948
2025-09-21 15:00,21.488112573279157
2025-09-21 16:00,26.977849863220996
2025-09-21 17:00,26.631451748086924
2025-09-21 18:00,24.218873391661038
2025-09-21 19:00,21.01689254760489
2025-09-21 20:00,19.723790085227222
2025-09-21 21:00,15.246951173265625
2025-09-21 22:00,6.501163779141812
2025-09-21 23:00,2.9750336200361276
2025-09-22 00:00,4.591192336054894
2025-09-22 01:00,2.3622729681048877
2025-09-22 02:00,4.658780831163774
2025-09-22 03:00,3.7635277464497294
2025-09-22 04:00,3.533306548667232
2025-09-22 05:00,3.2009355866642215
2025-09-22 06:00,3.2574086352939684
2025-09-22 07:00,3.082637409510741
2025-09-22 08:00,1.556654046880242
2025-09-22 09:00,0.6927947645075765
2025-09-22 10:00,0.8849238958233561
2025-09-22 11:00,0.9929571899662413
2025-09-22 12:00,0.5871664686710728
2025-09-22 13:00,0.9084210243657106
2025-09-22 14:00,0.1846767029347105
2025-09-22 15:00,0.3264686323454835
2025-09-22 16:00,1.72638757619778
2025-09-22 17:00,6.639939934979348
2025-09-22 18:00,5.066103641541821
2025-09-22 19:00,5.462362044701156
2025-09-22 20:00,6.008594242883403
2025-09-22 21:00,6.714949692478823
2025-09-22 22:00,4.350142578245992
2025-09-22 23:00,4.247085680065565
2025-09-23 00:00,4.7136397828525896
2025-09-23 01:00,4.176121195608731
2025-09-23 02:00,6.197107452491553
2025-09-23 03:00,6.1986298057000795
2025-09-23 04:00,5.232491899933634
2025-09-23 05:00,4.857945929690055
2025-09-23 06:00,2.9355166204840017
2025-09-23 07:00,2.6976149338773583
2025-09-23 08:00,2.1193750549003405
2025-09-23 09:00,1.1255691009268478
2025-09-23 10:00,1.5881484576866738
2025-09-23 11:00,0.9263403564395869
2025-09-23 12:00,0.7560651592036262
2025-09-23 13:00,1.0936328467658885
2025-09-23 14:00,3.1444669725775056
2025-09-23 15:00,4.739978943932967
2025-09-23 16:00,6.330673990568338
2025-09-23 17:00,10.085231005809677
2025-09-23 18:00,8.092957196873169
2025-09-23 19:00,6.94009301074397
2025-09-23 20:00,3.624294034342747
2025-09-23 21:00,3.6188305151689124
2025-09-23 22:00,2.4452555206399076
2025-09-23 23:00,5.8608755109321
2025-09-24 00:00,1.0576097216619516
2025-09-24 01:00,1.2632084738399914
2025-09-24 02:00,4.899195842024735
2025-09-24 03:00,3.3263652284952574
2025-09-24 04:00,1.6217415904674353
2025-09-24 05:00,1.0325063529489102
2025-09-24 06:00,1.8766121773249558
2025-09-24 07:00,2.813118201540415
2025-09-24 08:00,1.632817741111773
2025-09-24 09:00,2.370663544206715
2025-09-24 10:00,11.279949519182455
2025-09-24 11:00,16.522394560086532
2025-09-24 12:00,21.15587933386199
2025-09-24 13:00,16.477941911915767
2025-09-24 14:00,16.699562964414813
2025-09-24 15:00,8.779630622856612
2025-09-24 16:00,17.753898215080536
2025-09-24 17:00,33.551028663668156
2025-09-24 18:00,30.385334267072892
2025-09-24 19:00,13.559826668601605
2025-09-24 20:00,7.546149129576598
2025-09-24 21:00,9.272053014519726
2025-09-24 22:00,5.0357165408782585
2025-09-24 23:00,3.783908026792184
2025-09-25 00:00,4.610830778555858
2025-09-25 01:00,0.23800067150663096
2025-09-25 02:00,1.6521795450915997
2025-09-25 03:00,0.4011219047837604
2025-09-25 04:00,0.09431006600307046
2025-09-25 05:00,0.33510977262159614
2025-09-25 06:00,0.3341442145986616
2025-09-25 07:00,15.83877543234005
2025-09-25 08:00,18.375558554746632
2025-09-25 09:00,7.048165062899438
2025-09-25 10:00,5.358065728417385
2025-09-25 11:00,1.6069111600299142
2025-09-25 12:00,6.793239946832519
2025-09-25 13:00,1.4136249459733414
2025-09-25 14:00,1.7188127296076052
2025-09-25 15:00,0.07727461065301178
2025-09-25 16:00,0.17591721574671437
2025-09-25 17:00,0.13991498199566288
2025-09-25 18:00,2.6316175336095897
2025-09-25 19:00,1.3419097479872453
2025-09-25 20:00,1.421998851441228
2025-09-25 21:00,1.0865736410598374
2025-09-25 22:00,1.128232700895246
2025-09-25 23:00,1.8079723581236697
2025-09-26 00:00,1.729430568539892
2025-09-26 01:00,1.2379692097175437
2025-09-26 02:00,4.28258302306044
2025-09-26 03:00,13.091354131482772
2025-09-26 04:00,9.306230742959503
2025-09-26 05:00,11.69569120909251
2025-09-26 06:00,16.1909842667276
2025-09-26 07:00,11.111141078381456
2025-09-26 08:00,8.80584465262941
2025-09-26 09:00,6.221257625014098
2025-09-26 10:00,3.013544976311422
2025-09-26 11:00,1.3068883641175022
2025-09-26 12:00,3.4522458670129472
2025-09-26 13:00,2.3527180989364536
2025-09-26 14:00,3.0118919887113913
2025-09-26 15:00,6.336036054593579
2025-09-26 16:00,16.26868564659847
2025-09-26 17:00,17.39950173843064
2025-09-26 18:00,5.382575044235022
2025-09-26 19:00,8.474575481852517
2025-09-26 20:00,9.618730862266759
2025-09-26 21:00,8.649502301549118
2025-09-26 22:00,7.813185510914221
2025-09-26 23:00,7.775976778914773
2025-09-27 00:00,2.29805681683235
2025-09-27 01:00,1.2724941408058426
2025-09-27 02:00,1.9575801053310473
2025-09-27 03:00,7.840548161055974
2025-09-27 04:00,3.6985620395618
2025-09-27 05:00,0.014738346360360755
2025-09-27 06:00,1.1234116333307573
2025-09-27 07:00,0.2609702766137383
2025-09-27 08:00,1.4564925698291573
2025-09-27 09:00,0.18218004626629836
2025-09-27 10:00,0.22225398226451026
2025-09-27 11:00,0.7173441311745132
2025-09-27 12:00,0.19341487850704586
2025-09-27 13:00,0.39725508045363317
2025-09-27 14:00,1.657878421387553
2025-09-27 15:00,2.6711642014673616
2025-09-27 16:00,9.469568860521967
2025-09-27 17:00,15.369328420721097
2025-09-27 18:00,6.0490173081738545
2025-09-27 19:00,2.601385199299328
2025-09-27 20:00,1.6619380508969466
2025-09-27 21:00,0.34773664175571817
2025-09-27 22:00,0.3087846756715963
2025-09-27 23:00,0.27273727799318936
2025-09-28 00:00,0.7542425794716763
2025-09-28 01:00,0.2794986256444983
2025-09-28 02:00,0.18044394926000062
2025-09-28 03:00,0.5095647477930167
2025-09-28 04:00,0.8006847277565927
2025-09-28 05:00,9.686606832547893
2025-09-28 06:00,16.993706671215556
2025-09-28 07:00,8.053862015304379
2025-09-28 08:00,17.121824562993194
2025-09-28 09:00,8.24645403719119
2025-09-28 10:00,22.845515250627216
2025-09-28 11:00,28.632067358753076
2025-09-28 12:00,19.557070938183948
2025-09-28 13:00,12.794128548962552
2025-09-28 14:00,35.810058360916926
2025-09-28 15:00,13.467029629957892
2025-09-28 16:00,2.73941557962911
2025-09-28 17:00,4.216918765094469
2025-09-28 18:00,8.078130903586782
2025-09-28 19:00,6.358936617094427
2025-09-28 20:00,6.088140009880924
2025-09-28 21:00,9.044738562108671
2025-09-28 22:00,9.642698715037096
2025-09-28 23:00,3.87723231159804
2025-09-29 00:00,0.9383168895638978
2025-09-29 01:00,11.401774007904418
2025-09-29 02:00,3.133130557901117
2025-09-29 03:00,11.224482200485397
2025-09-29 04:00,14.478691251711913
2025-09-29 05:00,9.513726036235088
2025-09-29 06:00,3.8222639401256076
2025-09-29 07:00,2.313489923209257
2025-09-29 08:00,4.327508313247611
2025-09-29 09:00,5.600464860438476
2025-09-29 10:00,5.311728951474048
2025-09-29 11:00,1.0505480467350985
2025-09-29 12:00,0.21437615524242032
2025-09-29 13:00,0.51943926848249
2025-09-29 14:00,0.3553162638727211
2025-09-29 15:00,2.9417807425579126
2025-09-29 16:00,4.559583816326917
2025-09-29 17:00,4.06513174660884
2025-09-29 18:00,2.576261424775831
2025-09-29 19:00,4.517888986106541
2025-09-29 20:00,3.4793577323372706
2025-09-29 21:00,0.8379596834203034
2025-09-29 22:00,2.31607465909607
2025-09-29 23:00,0.7206130852693806
2025-09-30 00:00,0.10766490414345803
2025-09-30 01:00,0.17280481673804687
2025-09-30 02:00,0.2105661751036264
2025-09-30 03:00,0.26441741026340376
2025-09-30 04:00,0.0975309016869613
2025-09-30 05:00,0.0646222619975438
2025-09-30 06:00,0.16129893421499
2025-09-30 07:00,0.22895314378015907
2025-09-30 08:00,0.06463629738512741
2025-09-30 09:00,0.2713452828205134
2025-09-30 10:00,0.04788938284419986
2025-09-30 11:00,0.13323124197093394
2025-09-30 12:00,0.06901812440795252
2025-09-30 13:00,0.1769713586634123
2025-09-30 14:00,0.06650274825632775
2025-09-30 15:00,0.4799124329565116
2025-09-30 16:00,2.5569959722976865
2025-09-30 17:00,6.73859552738245
2025-09-30 18:00,3.076196460064181
2025-09-30 19:00,4.42000345544884
2025-09-30 20:00,6.237241565826379
2025-09-30 21:00,5.1796022192155915
2025-09-30 22:00,3.989461023402925
2025-09-30 23:00,2.4194324021110587
2025-10-01 00:00,2.1620777337487547
2025-10-01 01:00,1.299335167502964
2025-10-01 02:00,0.17821443998323216
2025-10-01 03:00,0.34985222133999705
2025-10-01 04:00,3.6691582805357026
2025-10-01 05:00,1.9360582451011117
2025-10-01 06:00,0.6656201459434095
2025-10-01 07:00,0.19563837104049997
2025-10-01 08:00,0.30991093221043237
2025-10-01 09:00,0.28806355887013635
2025-10-01 10:00,0.8983707490070794
2025-10-01 11:00,0.4713587223623479
2025-10-01 12:00,0.49690749491610836
2025-10-01 13:00,1.072578420935402
2025-10-01 14:00,0.9420374596409358
2025-10-01 15:00,1.2065130184389798
2025-10-01 16:00,3.810315437510431
2025-10-01 17:00,7.232453239499589
2025-10-01 18:00,9.685201346559797
2025-10-01 19:00,9.571234105953183
2025-10-01 20:00,8.517760576340565
2025-10-01 21:00,4.348726506320743
2025-10-01 22:00,2.9785797530768674
2025-10-01 23:00,0.12625151119966593
2025-10-02 00:00,2.0091195344079202
2025-10-02 01:00,3.365005864235753
2025-10-02 02:00,1.4849219768415471
2025-10-02 03:00,0.48315429769455176
2025-10-02 04:00,0.5246202740660234
2025-10-02 05:00,0.26618617732840333
2025-10-02 06:00,0.27138852032743976
2025-10-02 07:00,0.20980979394657484
2025-10-02 08:00,0.374897267690108
2025-10-02 09:00,0.1478105590656238
2025-10-02 10:00,0.15855272185306404
2025-10-02 11:00,0.1926642714246921
2025-10-02 12:00,0.7649640406652669
2025-10-02 13:00,0.1270041582085264
2025-10-02 14:00,0.17759395428917668
2025-10-02 15:00,1.0955989509704287
2025-10-02 16:00,1.626134535783089
2025-10-02 17:00,0.6604178988252418
2025-10-02 18:00,1.1633597308000372
2025-10-02 19:00,1.4505455171458377
2025-10-02 20:00,0.60616663230379
2025-10-02 21:00,0.25000176158337295
2025-10-02 22:00,1.4733818597852657
2025-10-02 23:00,4.701292428242276
2025-10-03 00:00,0.24261387392933526
2025-10-03 01:00,0.2840018522022576
2025-10-03 02:00,22.775280057005205
2025-10-03 03:00,11.3621618226313
2025-10-03 04:00,7.1096825911592925
2025-10-03 05:00,1.3953632008958547
2025-10-03 06:00,4.699355854738796
2025-10-03 07:00,11.678284757788287
2025-10-03 08:00,22.875336975392212
2025-10-03 09:00,14.043352670173793
2025-10-03 10:00,18.187763715573478
2025-10-03 11:00,21.537192894853817
2025-10-03 12:00,27.97328916572532
2025-10-03 13:00,20.599030073171406
2025-10-03 14:00,21.410381281382847
2025-10-03 15:00,15.854133707632702
2025-10-03 16:00,12.024810916743418
2025-10-03 17:00,14.45974364276693
2025-10-03 18:00,21.65754823084594
2025-10-03 19:00,24.23537756900603
2025-10-03 20:00,31.613170641526807
2025-10-03 21:00,25.401970203173857
2025-10-03 22:00,16.68794893309592
2025-10-03 23:00,14.599026473138231
2025-10-04 00:00,3.9694751992551636
2025-10-04 01:00,4.1644399357857385
2025-10-04 02:00,4.5980728203867605
2025-10-04 03:00,4.610539221187028
2025-10-04 04:00,3.4160587222013428
2025-10-04 05:00,1.0278000714861568
2025-10-04 06:00,0.7789088773571295
2025-10-04 07:00,0.8558348998964205
2025-10-04 08:00,0.9038358944340615
2025-10-04 09:00,3.330440069135325
2025-10-04 10:00,2.1086392344587774
2025-10-04 11:00,1.0088386921436485
2025-10-04 12:00,0.3500429548351274
2025-10-04 13:00,0.709376710836756
2025-10-04 14:00,1.2328180411801875
2025-10-04 15:00,3.5416442776330435
2025-10-04 16:00,3.3058072593912016
2025-10-04 17:00,3.4136290460527223
2025-10-04 18:00,2.590725387613734
2025-10-04 19:00,1.1096544560764412
2025-10-04 20:00,0.9746655265554203
2025-10-04 21:00,2.252011031797391
2025-10-04 22:00,2.318666931862675
2025-10-04 23:00,0.9900528899108227
2025-10-05 00:00,0.06378737869203446
2025-10-05 01:00,0.012925707850983459
2025-10-05 02:00,0.0865498186769802
2025-10-05 03:00,0.1308196537420006
2025-10-05 04:00,0.10095410262032663
2025-10-05 05:00,0.0531819865210561
2025-10-05 06:00,0.22277680548518536
2025-10-05 07:00,0.0
2025-10-05 08:00,0.35985844855710747
2025-10-05 09:00,0.2543221302443009
2025-10-05 10:00,0.019971699042379054
2025-10-05 11:00,0.2561605567022528
2025-10-05 12:00,0.5650982764448165
2025-10-05 13:00,1.2217977323236742
2025-10-05 14:00,0.5237454193613187
2025-10-05 15:00,0.0918830229120351
2025-10-05 16:00,0.809233639866415
2025-10-05 17:00,1.6772573664609447
2025-10-05 18:00,1.0997137340206724
2025-10-05 19:00,1.4987820288368474
2025-10-05 20:00,0.1583763262747725
2025-10-05 21:00,0.13722022036547996
2025-10-05 22:00,0.009607793456676544
2025-10-05 23:00,0.0403838693605203
2025-10-06 00:00,0.06109491565189662
2025-10-06 01:00,0.2494628370005778
2025-10-06 02:00,0.0024458149978721644
2025-10-06 03:00,0.05548071639213045
2025-10-06 04:00,0.1072279638091363
2025-10-06 05:00,0.02104502166651523
2025-10-06 06:00,0.02568057623743569
2025-10-06 07:00,0.3052115825478978
2025-10-06 08:00,0.5969813309145302
2025-10-06 09:00,5.388536657188376
2025-10-06 10:00,6.229919013646441
2025-10-06 11:00,5.001073381680608
2025-10-06 12:00,9.789750933128792
2025-10-06 13:00,4.835761540768715
2025-10-06 14:00,4.173829881531676
2025-10-06 15:00,1.9483398976448405
2025-10-06 16:00,5.636961142399143
2025-10-06 17:00,4.819782614107364
2025-10-06 18:00,7.114959793739698
2025-10-06 19:00,27.71171138008576
2025-10-06 20:00,47.60471456744652
2025-10-06 21:00,47.8806530450874
2025-10-06 22:00,44.838788143461066
2025-10-06 23:00,41.32582552671316
2025-10-07 00:00,30.717833421159103
2025-10-07 01:00,36.19356853490732
2025-10-07 02:00,28.311598509095475
2025-10-07 03:00,32.36990661741632
2025-10-07 04:00,30.64928116327151
2025-10-07 05:00,27.800805083852403
2025-10-07 06:00,27.84463236334926
2025-10-07 07:00,17.973507604503226
2025-10-07 08:00,1.3435832152817726
2025-10-07 09:00,0.16088678490682864
2025-10-07 10:00,0.15302489540413905
2025-10-07 11:00,0.5036443850871426
2025-10-07 12:00,4.701991360839248
2025-10-07 13:00,1.6524092912003678
2025-10-07 14:00,1.5518519114224807
2025-10-07 15:00,10.022836250709712
2025-10-07 16:00,11.360965898436582
2025-10-07 17:00,5.285240051555149
2025-10-07 18:00,2.9993956741223506
2025-10-07 19:00,1.2529266093419216
2025-10-07 20:00,0.3607651511913932
2025-10-07 21:00,0.4306241476077103
2025-10-07 22:00,0.3128135816385009
2025-10-07 23:00,0.10290273284339002
2025-10-08 00:00,1.6951228138612504
2025-10-08 01:00,3.0503743123744806
2025-10-08 02:00,9.038364773607787
2025-10-08 03:00,8.187100926658392
2025-10-08 04:00,6.02145868399276
2025-10-08 05:00,10.331280245665331
2025-10-08 06:00,12.150551635294615
2025-10-08 07:00,15.853924217606531
2025-10-08 08:00,21.088875109452495
2025-10-08 09:00,11.64180830336931
2025-10-08 10:00,15.187484669876593
2025-10-08 11:00,10.985327563888315
2025-10-08 12:00,12.880525734197459
2025-10-08 13:00,8.974215237802898
2025-10-08 14:00,16.06841303965524
2025-10-08 15:00,15.938443054794742
2025-10-08 16:00,19.718951197769215
2025-10-08 17:00,21.389924758251226
2025-10-08 18:00,12.378775064596073
2025-10-08 19:00,6.107005245477686
2025-10-08 20:00,6.9434046583949804
2025-10-08 21:00,7.264063431140224
2025-10-08 22:00,2.1201921279025937
2025-10-08 23:00,7.213731228856006
2025-10-09 00:00,1.1548006258801178
2025-10-09 01:00,1.6357275784064955
2025-10-09 02:00,1.0114764938954932
2025-10-09 03:00,1.7037985991526088
2025-10-09 04:00,3.26521860649798
2025-10-09 05:00,3.8549606062773725
2025-10-09 06:00,4.093863940950574
2025-10-09 07:00,4.0094685651332655
2025-10-09 08:00,3.4710936227538456
2025-10-09 09:00,0.0
2025-10-09 10:00,1.3197920358822697
2025-10-09 11:00,3.0276751034402376
2025-10-09 12:00,0.37390104652760986
2025-10-09 13:00,0.7190735675304321
2025-10-09 14:00,0.31184354797711855
2025-10-09 15:00,0.1616157569355452
2025-10-09 16:00,2.1282993357642113
2025-10-09 17:00,4.370104863231599
2025-10-09 18:00,5.830026496208494
2025-10-09 19:00,7.657110789492145
2025-10-09 20:00,20.616016242316988
2025-10-09 21:00,9.534743101746402
2025-10-09 22:00,0.539810653313038
2025-10-09 23:00,4.915163591782069
2025-10-10 00:00,7.262857619533447
2025-10-10 01:00,6.103439486998109
2025-10-10 02:00,6.282745721670074
2025-10-10 03:00,10.67786694045838
2025-10-10 04:00,6.257740157295583
2025-10-10 05:00,2.1215261028694887
2025-10-10 06:00,1.782858941000942
2025-10-10 07:00,0.6382884905112742
2025-10-10 08:00,1.3246817995932205
2025-10-10 09:00,3.3500150863292006
2025-10-10 10:00,0.3804811699557452
2025-10-10 11:00,0.2427957813774635
2025-10-10 12:00,0.18053104894223482
2025-10-10 13:00,0.3149790586195587
2025-10-10 14:00,0.4281084550305927
2025-10-10 15:00,1.5049124005125227
2025-10-10 16:00,1.2281641200871558
2025-10-10 17:00,3.6385986826746173
2025-10-10 18:00,2.614459308860633
2025-10-10 19:00,2.71969546388917
2025-10-10 20:00,3.5132100505037367
2025-10-10 21:00,4.9880681512392115
2025-10-10 22:00,5.467735567356018
2025-10-10 23:00,3.5085255647429308
2025-10-11 00:00,20.011056315720523
2025-10-11 01:00,5.46497128419184
2025-10-11 02:00,7.137971914536002
2025-10-11 03:00,7.9484527736402555
2025-10-11 04:00,5.03473215396893
2025-10-11 05:00,3.917555445378419
2025-10-11 06:00,4.533072569240185
2025-10-11 07:00,4.557783229768583
2025-10-11 08:00,5.131443356642122
2025-10-11 09:00,1.4997054722898604
2025-10-11 10:00,1.6166711212021416
2025-10-11 11:00,0.6162017258979904
2025-10-11 12:00,0.4642873827617995
2025-10-11 13:00,1.2900484416105735
2025-10-11 14:00,5.481796336933671
2025-10-11 15:00,5.551723810068576
2025-10-11 16:00,2.7965394421559786
2025-10-11 17:00,5.9093715954532255
2025-10-11 18:00,3.7394615689764987
2025-10-11 19:00,3.9795285483507494
2025-10-11 20:00,6.239784103774907
2025-10-11 21:00,8.478952303495994
2025-10-11 22:00,7.113467069181812
2025-10-11 23:00,7.371772143625003
2025-10-12 00:00,9.121049154321883
2025-10-12 01:00,7.085069328691323
2025-10-12 02:00,8.785662605168277
2025-10-12 03:00,2.4337406097664944
2025-10-12 04:00,2.6560891577325503
2025-10-12 05:00,4.442712141118497
2025-10-12 06:00,11.944084071506758
2025-10-12 07:00,1.1012743130554579
2025-10-12 08:00,4.506151832557415
2025-10-12 09:00,5.161012609174159
2025-10-12 10:00,3.3432736662013864
2025-10-12 11:00,1.322899032688154
2025-10-12 12:00,2.7472410871359263
2025-10-12 13:00,1.4726833103395383
2025-10-12 14:00,1.1288873258545322
2025-10-12 15:00,1.1042680986114772
2025-10-12 16:00,1.1790505919756933
2025-10-12 17:00,7.7762937395503835
2025-10-12 18:00,7.529236449104992
2025-10-12 19:00,3.3234962843580247
2025-10-12 20:00,1.079610710349221
2025-10-12 21:00,0.08402965577238586
2025-10-12 22:00,0.0
2025-10-12 23:00,0.16442707128806977
2025-10-13 00:00,0.7389608839083335
2025-10-13 01:00,2.0565990233564784
2025-10-13 02:00,0.1396163523944176
2025-10-13 03:00,0.007934155997844194
2025-10-13 04:00,1.7236326534257154
2025-10-13 05:00,2.091310925187827
2025-10-13 06:00,2.3469452098388324
2025-10-13 07:00,4.999571216613378
2025-10-13 08:00,1.8882301770706815
2025-10-13 09:00,5.0841657063468455
2025-10-13 10:00,6.5332263340442545
2025-10-13 11:00,6.708896446506536
2025-10-13 12:00,7.678270478334311
2025-10-13 13:00,20.184588787535205
2025-10-13 14:00,24.1346520178679
2025-10-13 15:00,25.086175763572463
2025-10-13 16:00,38.39527146778323
2025-10-13 17:00,25.071912403767808
2025-10-13 18:00,18.316614796800817
2025-10-13 19:00,19.98025582815165
2025-10-13 20:00,13.16937963322592
2025-10-13 21:00,8.500230360810328
2025-10-13 22:00,7.373395543871507
2025-10-13 23:00,7.098232380704097
2025-10-14 00:00,4.942012755549246
2025-10-14 01:00,6.0829611734773055
2025-10-14 02:00,7.501290170716837
2025-10-14 03:00,8.91504524230103
2025-10-14 04:00,12.01877125278024
2025-10-14 05:00,7.7618517731846755
2025-10-14 06:00,7.210020942642979
2025-10-14 07:00,7.435819177933056
2025-10-14 08:00,6.638106514317611
2025-10-14 09:00,5.7486166730091846
2025-10-14 10:00,3.4632377689989458
2025-10-14 11:00,2.187921942440517
2025-10-14 12:00,2.2346887688648396
2025-10-14 13:00,2.082921505944854
2025-10-14 14:00,0.11122995798673196
2025-10-14 15:00,1.5983807095079157
2025-10-14 16:00,1.640429158627765
2025-10-14 17:00,3.9127294605626064
2025-10-14 18:00,5.395085083561941
2025-10-14 19:00,2.5712418803499144
2025-10-14 20:00,1.227145133581516
2025-10-14 21:00,5.417147112042813
2025-10-14 22:00,0.9177943974302722
2025-10-14 23:00,3.5943688874508353
2025-10-15 00:00,4.005329210642347
2025-10-15 01:00,3.4400619541707798
2025-10-15 02:00,2.7834549575506977
2025-10-15 03:00,2.2690006265158567
2025-10-15 04:00,2.599142446841231
2025-10-15 05:00,4.6235747963452845
2025-10-15 06:00,5.370983087239187
2025-10-15 07:00,5.220864320869487
2025-10-15 08:00,2.5403757437361727
2025-10-15 09:00,0.9185564043335446
2025-10-15 10:00,0.5557836260254103
2025-10-15 11:00,0.8560162093436894
2025-10-15 12:00,1.000381182996055
2025-10-15 13:00,0.7872384108172665
2025-10-15 14:00,0.07197300926935901
2025-10-15 15:00,0.09419421401709926
2025-10-15 16:00,0.9471803360005465
2025-10-15 17:00,1.9238098403524662
2025-10-15 18:00,9.361978388400217
2025-10-15 19:00,16.338915005161116
2025-10-15 20:00,5.794842709057937
2025-10-15 21:00,13.054144712802499
2025-10-15 22:00,16.2159637499372
2025-10-15 23:00,17.85212589619833
2025-10-16 00:00,30.738682595904308
2025-10-16 01:00,40.9982804278173
2025-10-16 02:00,37.291425610158356
2025-10-16 03:00,33.223471882823176
2025-10-16 04:00,52.48806459964855
2025-10-16 05:00,43.34351674949427
2025-10-16 06:00,10.547017300871644
2025-10-16 07:00,11.235132605986694
2025-10-16 08:00,14.225829009244574
2025-10-16 09:00,5.421720490562587
2025-10-16 10:00,3.875131509425913
2025-10-16 11:00,4.542013953873041
2025-10-16 12:00,7.086154690421311
2025-10-16 13:00,15.044488228677295
2025-10-16 14:00,14.415679237263888
2025-10-16 15:00,14.04641005393248
2025-10-16 16:00,25.900507897775213
2025-10-16 17:00,28.77124233900827
2025-10-16 18:00,23.631953707371167
2025-10-16 19:00,25.03590883856794
2025-10-16 20:00,25.148160589677655
2025-10-16 21:00,21.313768971450042
2025-10-16 22:00,15.251903838001802
2025-10-16 23:00,14.567093438649604
2025-10-17 00:00,5.472862510383534
2025-10-17 01:00,2.1059580447655506
2025-10-17 02:00,2.5071763602250074
2025-10-17 03:00,3.3388524264270463
2025-10-17 04:00,4.036753344514541
2025-10-17 05:00,4.083540033918855
2025-10-17 06:00,4.0117811736027775
2025-10-17 07:00,3.626596551120631
2025-10-17 08:00,1.7491727325796675
2025-10-17 09:00,0.8714188758795732
2025-10-17 10:00,2.173403620226902
2025-10-17 11:00,2.019735159867563
2025-10-17 12:00,0.7085135034661777
2025-10-17 13:00,0.724336885852051
2025-10-17 14:00,1.283659276917707
2025-10-17 15:00,2.2813910999713403
2025-10-17 16:00,5.015805181145193
2025-10-17 17:00,3.3572013593339256
2025-10-17 18:00,7.948562187567084
2025-10-17 19:00,11.561241384727426
2025-10-17 20:00,7.64853698215981
2025-10-17 21:00,5.510819926996645
2025-10-17 22:00,11.876616227004462
2025-10-17 23:00,27.583209306349264
2025-10-18 00:00,0.855109868290877
2025-10-18 01:00,9.524910729055783
2025-10-18 02:00,33.32591901961219
2025-10-18 03:00,36.90140482343244
2025-10-18 04:00,47.473062727880794
2025-10-18 05:00,32.43451684428494
2025-10-18 06:00,26.239736006245074
2025-10-18 07:00,28.04749336652629
2025-10-18 08:00,25.690508240489095
2025-10-18 09:00,24.035584162308915
2025-10-18 10:00,30.466345160549075
2025-10-18 11:00,33.97241360394234
2025-10-18 12:00,49.03846381759369
2025-10-18 13:00,51.95273258343556
2025-10-18 14:00,44.94081255278539
2025-10-18 15:00,39.45452881652686
2025-10-18 16:00,31.4112183277797
2025-10-18 17:00,32.7705574801902
2025-10-18 18:00,30.911255666659564
2025-10-18 19:00,27.122990343277216
2025-10-18 20:00,19.959804050987007
2025-10-18 21:00,9.57134195083761
2025-10-18 22:00,14.390748024969866
2025-10-18 23:00,11.885604455765025
2025-10-19 00:00,10.120654888105088
2025-10-19 01:00,9.032529563531105
2025-10-19 02:00,7.367712730575183
2025-10-19 03:00,6.232951682305049
2025-10-19 04:00,5.432402897522217
2025-10-19 05:00,7.316255898111505
2025-10-19 06:00,8.599274071060563
2025-10-19 07:00,1.4690582759913196
2025-10-19 08:00,2.6451404628058697
2025-10-19 09:00,0.7560879895287829
2025-10-19 10:00,0.3115366711812906
2025-10-19 11:00,0.1626658036312294
2025-10-19 12:00,0.6677843227949505
2025-10-19 13:00,8.951582830497328
2025-10-19 14:00,21.271822056961042
2025-10-19 15:00,26.39141370041487
2025-10-19 16:00,42.21923207108263
2025-10-19 17:00,47.4371965494651
2025-10-19 18:00,45.06833951329933
2025-10-19 19:00,40.93387739216915
2025-10-19 20:00,48.53446431711531
2025-10-19 21:00,50.277216538778546
2025-10-19 22:00,58.32224544511564
2025-10-19 23:00,58.95697305476993
2025-10-20 00:00,60.211461257706645
2025-10-20 01:00,56.32999292413125
2025-10-20 02:00,64.62138320003318
2025-10-20 03:00,60.60316077185377
2025-10-20 04:00,58.27771873663742
2025-10-20 05:00,55.75755239445316
2025-10-20 06:00,37.71322983458818
2025-10-20 07:00,28.75513511759563
2025-10-20 08:00,40.68923176096206
2025-10-20 09:00,40.36862432538658
2025-10-20 10:00,34.273574177956235
2025-10-20 11:00,28.086586792797164
2025-10-20 12:00,24.108454225231064
2025-10-20 13:00,26.332217964401604
2025-10-20 14:00,29.84026352138152
2025-10-20 15:00,30.63126946695826
2025-10-20 16:00,37.363772402227845
2025-10-20 17:00,45.366532062918026
2025-10-20 18:00,51.75996347774288
2025-10-20 19:00,53.17525192763789
2025-10-20 20:00,41.41410565260496
2025-10-20 21:00,41.083861311459515
2025-10-20 22:00,39.41462199501286
2025-10-20 23:00,39.415311093592635
2025-10-21 00:00,44.32683040305257
2025-10-21 01:00,42.464507637697125
2025-10-21 02:00,36.27307198272346
2025-10-21 03:00,36.564526322319715
2025-10-21 04:00,32.714759837399455
2025-10-21 05:00,29.687249565514175
2025-10-21 06:00,29.06702912719185
2025-10-21 07:00,24.5925288853976
2025-10-21 08:00,27.951243378481756
2025-10-21 09:00,27.618974034941306
2025-10-21 10:00,21.198273896053777
2025-10-21 11:00,18.171704996935055
2025-10-21 12:00,20.03888638213165
2025-10-21 13:00,19.884293652305935
2025-10-21 14:00,29.811849021421708
2025-10-21 15:00,37.719901849166234
2025-10-21 16:00,41.878251484535625
2025-10-21 17:00,45.47131755459307
2025-10-21 18:00,47.65489977576074
2025-10-21 19:00,46.839235978715095
2025-10-21 20:00,35.59097401512352
2025-10-21 21:00,36.8135058290225
2025-10-21 22:00,34.44002443580783
2025-10-21 23:00,29.40910307577197
2025-10-22 00:00,31.552543445489093
2025-10-22 01:00,33.60479216575074
2025-10-22 02:00,32.12937362406616
2025-10-22 03:00,25.55855767012391
2025-10-22 04:00,22.49572159483819
2025-10-22 05:00,25.90016067494882
2025-10-22 06:00,27.21842301952175
2025-10-22 07:00,16.927480211700427
2025-10-22 08:00,11.778563383716646
2025-10-22 09:00,12.468903712168167
2025-10-22 10:00,12.671263093921496
2025-10-22 11:00,7.2054314676841384
2025-10-22 12:00,10.709830379264975
2025-10-22 13:00,10.54745306039845
2025-10-22 14:00,12.322130920626055
2025-10-22 15:00,13.262120781415348
2025-10-22 16:00,14.241364022048035
2025-10-22 17:00,12.181796677370773
2025-10-22 18:00,21.234504113327482
2025-10-22 19:00,21.0806054211944
2025-10-22 20:00,16.311431471036176
2025-10-22 21:00,22.699817028033255
2025-10-22 22:00,13.803669507330202
2025-10-22 23:00,5.2827657619766235
2025-10-23 00:00,1.8576367399152296
2025-10-23 01:00,2.891728074426003
2025-10-23 02:00,9.738986163923535
2025-10-23 03:00,5.564540649702533
2025-10-23 04:00,10.81788813766073
2025-10-23 05:00,10.347411510632737
2025-10-23 06:00,7.699536171809719
2025-10-23 07:00,2.9527820606574755
2025-10-23 08:00,0.22672085538789455
2025-10-23 09:00,0.6421062211341153
2025-10-23 10:00,0.721291677277468
2025-10-23 11:00,0.384668421153207
2025-10-23 12:00,2.4575133571886045
2025-10-23 13:00,1.8042305641557859
2025-10-23 14:00,5.120984505247312
2025-10-23 15:00,8.13429183708106
2025-10-23 16:00,20.802146193940793
2025-10-23 17:00,22.671703310182533
2025-10-23 18:00,17.7522102127581
2025-10-23 19:00,16.354611711566704
2025-10-23 20:00,21.16962417859663
2025-10-23 21:00,20.532846649058072
2025-10-23 22:00,13.71261479681501
2025-10-23 23:00,6.113495754239967
2025-10-24 00:00,21.10258715424777
2025-10-24 01:00,16.73538641921985
2025-10-24 02:00,12.784256266724146
2025-10-24 03:00,13.206585835203835
2025-10-24 04:00,18.657763797988782
2025-10-24 05:00,14.351882338670393
2025-10-24 06:00,10.072165014307112
2025-10-24 07:00,8.520723651762214
2025-10-24 08:00,5.27386061536026
2025-10-24 09:00,5.745883932135749
2025-10-24 10:00,0.5365285184373436
2025-10-24 11:00,0.8089722534719651
2025-10-24 12:00,1.555763818593952
2025-10-24 13:00,3.866636621485988
2025-10-24 14:00,2.3178271375990374
2025-10-24 15:00,3.5181430377830614
2025-10-24 16:00,11.438516155067857
2025-10-24 17:00,23.304428432469376
2025-10-24 18:00,15.605941079754155
2025-10-24 19:00,8.105872123607089
2025-10-24 20:00,8.307670453459105
2025-10-24 21:00,8.84307544634322
2025-10-24 22:00,8.081924817992775
2025-10-24 23:00,6.472843991360429
2025-10-25 00:00,1.2685597960095158
2025-10-25 01:00,0.054788728767467765
2025-10-25 02:00,3.31114705433089
2025-10-25 03:00,0.13359610404462852
2025-10-25 04:00,1.182190214562723
2025-10-25 05:00,1.4772557225249796
2025-10-25 06:00,0.35112083410498474
2025-10-25 07:00,4.917722905241486
2025-10-25 08:00,5.750891320618598
2025-10-25 09:00,9.947062086908705
2025-10-25 10:00,9.776243894441322
2025-10-25 11:00,5.270570208955705
2025-10-25 12:00,11.26727289510992
2025-10-25 13:00,11.52506116641987
2025-10-25 14:00,18.04553236682184
2025-10-25 15:00,22.43435186649559
2025-10-25 16:00,29.2590080200376
2025-10-25 17:00,33.88753077576976
2025-10-25 18:00,29.428499623608108
2025-10-25 19:00,24.842723965383026
2025-10-25 20:00,22.292220187363867
2025-10-25 21:00,18.014722876400654
2025-10-25 22:00,16.4663636599378
2025-10-25 23:00,11.621453586658538
2025-10-26 00:00,8.547806617866307
2025-10-26 01:00,6.994305891825119
2025-10-26 02:00,7.539191348875191
2025-10-26 03:00,8.71899812341718
2025-10-26 04:00,14.816449337557435
2025-10-26 05:00,25.490752411107195
2025-10-26 06:00,16.27931961017344
2025-10-26 07:00,8.093869977806662
2025-10-26 08:00,3.985504263687199
2025-10-26 09:00,5.107045627657264
2025-10-26 10:00,4.249202446716808
2025-10-26 11:00,4.610219616998822
2025-10-26 12:00,13.846994292562558
2025-10-26 13:00,21.528744295931354
2025-10-26 14:00,28.24686924901618
2025-10-26 15:00,37.008577041951625
2025-10-26 16:00,38.43391055220602
2025-10-26 17:00,31.943720886583257
2025-10-26 18:00,18.38719733127654
2025-10-26 19:00,24.063015999515503
2025-10-26 20:00,18.626274932904522
2025-10-26 21:00,30.259621304093564
2025-10-26 22:00,13.966381792346018
2025-10-26 23:00,24.374287409810858
2025-10-27 00:00,38.65493342199165
2025-10-27 01:00,54.65838894882171
2025-10-27 02:00,63.53934032598298
2025-10-27 03:00,60.63624348580288
2025-10-27 04:00,68.55122775874929
2025-10-27 05:00,66.22063624786169
2025-10-27 06:00,58.80760668193605
2025-10-27 07:00,52.31646226933033
2025-10-27 08:00,49.418167326280745
2025-10-27 09:00,37.81387078709365
2025-10-27 10:00,23.537142512621507
2025-10-27 11:00,7.591673719371093
2025-10-27 12:00,22.19371189289826
2025-10-27 13:00,22.952426984446024
2025-10-27 14:00,32.42313886829369
2025-10-27 15:00,39.946265455792464
2025-10-27 16:00,51.78881677874146
2025-10-27 17:00,48.2940860538345
2025-10-27 18:00,44.122669750163965
2025-10-27 19:00,28.302415785439056
2025-10-27 20:00,30.43058620645997
2025-10-27 21:00,37.06248211787553
2025-10-27 22:00,23.710433592588746
2025-10-27 23:00,18.689603067244985
2025-10-28 00:00,20.16662803954202
2025-10-28 01:00,19.703709469733997
2025-10-28 02:00,15.850636300182382
2025-10-28 03:00,24.185189707200543
2025-10-28 04:00,41.46522507128955
2025-10-28 05:00,29.402614049711236
2025-10-28 06:00,21.21055864957114
2025-10-28 07:00,18.69308042042033
2025-10-28 08:00,15.39583132777314
2025-10-28 09:00,8.457517384392622
2025-10-28 10:00,2.7145721408246013
2025-10-28 11:00,3.0236967653218665
2025-10-28 12:00,4.191870417397124
2025-10-28 13:00,2.3135923413550756
2025-10-28 14:00,3.4457497557357426
2025-10-28 15:00,3.256150459947665
2025-10-28 16:00,5.631755429651138
2025-10-28 17:00,3.041410453500752
2025-10-28 18:00,3.095850531971914
2025-10-28 19:00,4.523274315395239
2025-10-28 20:00,9.463088477007906
2025-10-28 21:00,4.93003350426407
2025-10-28 22:00,5.237212405641399
2025-10-28 23:00,5.576109828851331
2025-10-29 00:00,4.218774320428032
2025-10-29 01:00,3.7852433915320893
2025-10-29 02:00,3.211337321157128
2025-10-29 03:00,4.008859240805082
2025-10-29 04:00,4.495665598978077
2025-10-29 05:00,3.9264364416826543
2025-10-29 06:00,3.2521802471477432
2025-10-29 07:00,3.954037179603187
2025-10-29 08:00,2.781301435325079
2025-10-29 09:00,1.9095621408632657
2025-10-29 10:00,0.8264961402643322
2025-10-29 11:00,0.879771019972257
2025-10-29 12:00,1.7792014975877644
2025-10-29 13:00,2.5733091404855855
2025-10-29 14:00,0.8604218547713269
2025-10-29 15:00,0.545413311920814
2025-10-29 16:00,1.6778517878334824
2025-10-29 17:00,1.5823006710247638
2025-10-29 18:00,9.98879891294711
2025-10-29 19:00,9.516652442556335
2025-10-29 20:00,5.627158559677131
2025-10-29 21:00,4.905302214409591
2025-10-29 22:00,0.622537537607573
2025-10-29 23:00,4.000779922854824
2025-10-30 00:00,3.8641700019005447
2025-10-30 01:00,3.345482459625817
2025-10-30 02:00,7.227217115189948
2025-10-30 03:00,4.452403838417826
2025-10-30 04:00,3.780137985352371
2025-10-30 05:00,3.879970929819266
2025-10-30 06:00,3.032923947743063
2025-10-30 07:00,3.8023916791625867
2025-10-30 08:00,1.8329766007193766
2025-10-30 09:00,1.700097747017446
2025-10-30 10:00,0.6184533389316116
2025-10-30 11:00,0.4143395072138536
2025-10-30 12:00,0.8463668603737967
2025-10-30 13:00,0.3915020677051837
2025-10-30 14:00,0.8707388494952341
2025-10-30 15:00,2.0333354977651874
2025-10-30 16:00,2.423508987469164
2025-10-30 17:00,1.3370264648654366
2025-10-30 18:00,5.080913308672837
2025-10-30 19:00,4.736584590409372
2025-10-30 20:00,8.409100605226532
2025-10-30 21:00,10.310119787572996
2025-10-30 22:00,4.537305094014614
2025-10-30 23:00,4.3283894451309965
2025-10-31 00:00,8.627873501427288
2025-10-31 01:00,6.409046489291488
2025-10-31 02:00,4.181940387153452
2025-10-31 03:00,6.568481736565066
2025-10-31 04:00,3.7867423975439403
2025-10-31 05:00,2.8516302269318556
2025-10-31 06:00,3.0625065973012084
2025-10-31 07:00,3.755632375730283
2025-10-31 08:00,0.3526836770930766
2025-10-31 09:00,1.1808426261953424
2025-10-31 10:00,0.4529422189643171
2025-10-31 11:00,0.27529641781081493
2025-10-31 12:00,0.8517908711335818
2025-10-31 13:00,0.07415235205388737
2025-10-31 14:00,2.035507377540105
2025-10-31 15:00,8.112220876548365
2025-10-31 16:00,9.733384227382627
2025-10-31 17:00,5.49989134062795
2025-10-31 18:00,10.304637921224348
2025-10-31 19:00,2.8421392032788857
2025-10-31 20:00,8.495045540088539
2025-10-31 21:00,10.191870120323545
2025-10-31 22:00,9.227942595819677
2025-10-31 23:00,38.12968210657201
2025-11-01 00:00,7.753009583987937
2025-11-01 01:00,7.144736749873354
2025-11-01 02:00,8.430977557223393
2025-11-01 03:00,8.587392424821603
2025-11-01 04:00,12.547390423467803
2025-11-01 05:00,37.94493460513556
2025-11-01 06:00,33.650229750954324
2025-11-01 07:00,18.121840506796513
2025-11-01 08:00,21.882669688342705
2025-11-01 09:00,20.23373994089342
2025-11-01 10:00,32.90692689466326
2025-11-01 11:00,28.37534168356845
2025-11-01 12:00,26.263030834282652
2025-11-01 13:00,18.401460114704967
2025-11-01 14:00,16.53884330004177
2025-11-01 15:00,19.18245440633863
2025-11-01 16:00,17.688314099216228
2025-11-01 17:00,19.51401940861053
2025-11-01 18:00,19.011613210844114
2025-11-01 19:00,25.303114271855932
2025-11-01 20:00,30.865548848861987
2025-11-01 21:00,26.32987776808296
2025-11-01 22:00,24.104311436432102
2025-11-01 23:00,40.411130081260914
2025-11-02 00:00,41.5352789201089
2025-11-02 01:00,37.75697267952571
2025-11-02 02:00,34.688046758873476
2025-11-02 03:00,44.90503943905084
2025-11-02 04:00,41.509647629244064
2025-11-02 05:00,47.599323471332994
2025-11-02 06:00,43.127898880972246
2025-11-02 07:00,37.352119157158505
2025-11-02 08:00,46.22453862750647
2025-11-02 09:00,56.21775877427077
2025-11-02 10:00,60.9224069672123
2025-11-02 11:00,57.232179801397564
2025-11-02 12:00,50.179798145072766
2025-11-02 13:00,56.07478173787871
2025-11-02 14:00,59.731009225222266
2025-11-02 15:00,60.100994537845565
2025-11-02 16:00,59.17002609524007
2025-11-02 17:00,61.41972065660058
2025-11-02 18:00,60.62562542402449
2025-11-02 19:00,62.8274333633205
2025-11-02 20:00,59.541419787277114
2025-11-02 21:00,60.671733883930195
2025-11-02 22:00,59.987029140004765
2025-11-02 23:00,56.86491126086863
2025-11-03 00:00,59.922003060701314
2025-11-03 01:00,56.394471090213514
2025-11-03 02:00,49.87867918833937
2025-11-03 03:00,40.20672993780647
2025-11-03 04:00,39.755030252199774
2025-11-03 05:00,33.673826818631426
2025-11-03 06:00,15.195421115495527
2025-11-03 07:00,6.969308000338499
2025-11-03 08:00,6.627143866738395
2025-11-03 09:00,5.828433956299682
2025-11-03 10:00,3.9601857369720666
2025-11-03 11:00,2.313791497298118
2025-11-03 12:00,0.28439175075166934
2025-11-03 13:00,0.11708188906189121
2025-11-03 14:00,0.0
2025-11-03 15:00,0.35781569055487683
2025-11-03 16:00,1.838896396235169
2025-11-03 17:00,7.17291480362087
2025-11-03 18:00,7.194091807510273
2025-11-03 19:00,8.203435511323434
2025-11-03 20:00,3.31565708010097
2025-11-03 21:00,5.851906117468838
2025-11-03 22:00,7.928639802137251
2025-11-03 23:00,3.198326355595129
2025-11-04 00:00,3.35667260437704
2025-11-04 01:00,2.285512939417827
2025-11-04 02:00,2.795492835468809
2025-11-04 03:00,4.107687567271248
2025-11-04 04:00,3.6523261797541027
2025-11-04 05:00,4.3310180321823175
2025-11-04 06:00,2.9224875718057017
2025-11-04 07:00,1.8784973565773169
2025-11-04 08:00,0.6431296762677743
2025-11-04 09:00,0.42386712961369244
2025-11-04 10:00,0.2173374424932374
2025-11-04 11:00,0.2643074209959602
2025-11-04 12:00,0.04114682678078929
2025-11-04 13:00,0.2295415418360296
2025-11-04 14:00,0.0
2025-11-04 15:00,0.0
2025-11-04 16:00,1.9473222099962637
2025-11-04 17:00,7.128106181485646
2025-11-04 18:00,13.962146828909074
2025-11-04 19:00,14.709992272256244
2025-11-04 20:00,12.00498223380036
2025-11-04 21:00,10.141852888627843
2025-11-04 22:00,9.171301202332693
2025-11-04 23:00,12.660277646770913
2025-11-05 00:00,12.80777691084966
2025-11-05 01:00,15.08336363517711
2025-11-05 02:00,9.820869240055465
2025-11-05 03:00,12.213545741145337
2025-11-05 04:00,11.400830610461446
2025-11-05 05:00,10.360600206597896
2025-11-05 06:00,6.130344772875028
2025-11-05 07:00,5.2625830427486795
2025-11-05 08:00,5.780506206074133
2025-11-05 09:00,2.6820875400781823
2025-11-05 10:00,0.9821613832936955
2025-11-05 11:00,1.2425591558080815
2025-11-05 12:00,0.6735422805964907
2025-11-05 13:00,0.7076076538458029
2025-11-05 14:00,2.3974801265185515
2025-11-05 15:00,4.108449838805285
2025-11-05 16:00,7.044450623321514
2025-11-05 17:00,10.376031403916592
2025-11-05 18:00,14.635203029652644
2025-11-05 19:00,12.89784527058931
2025-11-05 20:00,9.712647920719068
2025-11-05 21:00,13.749380126126924
2025-11-05 22:00,9.08538678403153
2025-11-05 23:00,12.470629671493192
2025-11-06 00:00,12.19796457057299
2025-11-06 01:00,12.032351480589831
2025-11-06 02:00,9.1868957486247
2025-11-06 03:00,4.429204291462417
2025-11-06 04:00,9.753664828460826
2025-11-06 05:00,9.450021398881226
2025-11-06 06:00,6.969371597151452
2025-11-06 07:00,7.116449944166967
2025-11-06 08:00,1.8702269700126157
2025-11-06 09:00,1.1170407616042424
2025-11-06 10:00,1.6502292962766463
2025-11-06 11:00,2.529196774247974
2025-11-06 12:00,13.596076959739506
2025-11-06 13:00,15.10583441743222
2025-11-06 14:00,14.813675372843704
2025-11-06 15:00,13.28770050731509
2025-11-06 16:00,16.298588141184002
2025-11-06 17:00,15.025174550195612
2025-11-06 18:00,14.404665167535313
2025-11-06 19:00,9.065708667666255
2025-11-06 20:00,4.46131602931184
2025-11-06 21:00,2.4797910008006108
2025-11-06 22:00,8.021949000291723
2025-11-06 23:00,10.966946269386776
2025-11-07 00:00,1.2653577116129144
2025-11-07 01:00,1.7046091350838215
2025-11-07 02:00,0.30717510865172587
2025-11-07 03:00,0.29358666063875694
2025-11-07 04:00,1.0344323607836168
2025-11-07 05:00,0.8568500921299759
2025-11-07 06:00,1.7433718071364863
2025-11-07 07:00,1.932652617025085
2025-11-07 08:00,0.43493798976544085
2025-11-07 09:00,0.40888156185153535
2025-11-07 10:00,0.06259702144786922
2025-11-07 11:00,0.05874174539722246
2025-11-07 12:00,0.10157947103323046
2025-11-07 13:00,0.19273933495632042
2025-11-07 14:00,0.26148519528343095
2025-11-07 15:00,0.2581723980043356
2025-11-07 16:00,0.15255294993088153
2025-11-07 17:00,4.460309525853259
2025-11-07 18:00,6.859941451196476
2025-11-07 19:00,8.420627660586545
2025-11-07 20:00,6.3557430452954495
2025-11-07 21:00,4.212218162205281
2025-11-07 22:00,0.4670479138034017
2025-11-07 23:00,1.955346760927441
2025-11-08 00:00,0.3376187664995275
2025-11-08 01:00,1.6091623904393069
2025-11-08 02:00,0.608901103596683
2025-11-08 03:00,8.562963827464715
2025-11-08 04:00,8.892791671416923
2025-11-08 05:00,7.988895138326195
2025-11-08 06:00,2.875655195034548
2025-11-08 07:00,2.910996886793848
2025-11-08 08:00,1.3963789032483633
2025-11-08 09:00,1.5315585638001328
2025-11-08 10:00,2.1231826840553927
2025-11-08 11:00,3.554732329581355
2025-11-08 12:00,4.909161927260655
2025-11-08 13:00,3.1576114794196726
2025-11-08 14:00,1.635851031148291
2025-11-08 15:00,2.4283063262473656
2025-11-08 16:00,0.6118323573858588
2025-11-08 17:00,1.9031300049030109
2025-11-08 18:00,2.9253337421378696
2025-11-08 19:00,2.424425730199755
2025-11-08 20:00,5.974333060446133
2025-11-08 21:00,13.884055113311618
2025-11-08 22:00,14.483269238361881
2025-11-08 23:00,26.72276736966124
2025-11-09 00:00,2.755164047557456
2025-11-09 01:00,3.45101804834266
2025-11-09 02:00,1.5983115094853309
2025-11-09 03:00,1.9108190377018563
2025-11-09 04:00,1.6227350092404875
2025-11-09 05:00,3.6895980117500002
2025-11-09 06:00,15.533335879821502
2025-11-09 07:00,5.363068249082538
2025-11-09 08:00,3.439405929967629
2025-11-09 09:00,5.145634867467354
2025-11-09 10:00,6.263746088490638
2025-11-09 11:00,11.142007346104382
2025-11-09 12:00,16.27430820202716
2025-11-09 13:00,24.784391874981537
2025-11-09 14:00,23.676547501159085
2025-11-09 15:00,23.887509146780403
2025-11-09 16:00,20.147610313276882
2025-11-09 17:00,12.142544501756724
2025-11-09 18:00,10.12448637548585
2025-11-09 19:00,25.65932738031309
2025-11-09 20:00,44.78992071993665
2025-11-09 21:00,53.48411985094936
2025-11-09 22:00,61.45235358328953
2025-11-09 23:00,60.69117826925141
2025-11-10 00:00,60.814362811337844
2025-11-10 01:00,59.530529995860206
2025-11-10 02:00,60.957354885976166
2025-11-10 03:00,58.04522458907694
2025-11-10 04:00,55.01526744699879
2025-11-10 05:00,39.55194063445571
2025-11-10 06:00,31.919114597672124
2025-11-10 07:00,39.34428169062089
2025-11-10 08:00,49.304359347504864
2025-11-10 09:00,49.58282078455732
2025-11-10 10:00,53.21792301530576
2025-11-10 11:00,44.32325617997107
2025-11-10 12:00,37.54886105306858
2025-11-10 13:00,37.193422452594
2025-11-10 14:00,41.67012308517612
2025-11-10 15:00,40.534579328341465
2025-11-10 16:00,39.79508384740709
2025-11-10 17:00,33.61944148445018
2025-11-10 18:00,24.440424578400172
2025-11-10 19:00,15.573397085196277
2025-11-10 20:00,11.214258885850759
2025-11-10 21:00,13.355013808251952
2025-11-10 22:00,10.05416809802377
2025-11-10 23:00,11.883598588391422
2025-11-11 00:00,11.890747533149325
2025-11-11 01:00,13.673242177528016
2025-11-11 02:00,16.09625854182274
2025-11-11 03:00,10.671534277374688
2025-11-11 04:00,11.060157572961643
2025-11-11 05:00,11.906248137814554
2025-11-11 06:00,9.66362671518528
2025-11-11 07:00,7.098151540764705
2025-11-11 08:00,3.6699734298704936
2025-11-11 09:00,5.6834239022954485
2025-11-11 10:00,1.0522811743950378
2025-11-11 11:00,1.9633670246465025
2025-11-11 12:00,3.5022791257399493
2025-11-11 13:00,4.122076678585657
2025-11-11 14:00,4.477967804401272
2025-11-11 15:00,8.882175592008753
2025-11-11 16:00,13.181050136707386
2025-11-11 17:00,13.397060869882104
2025-11-11 18:00,5.29106560950838
2025-11-11 19:00,4.387728513915962
2025-11-11 20:00,3.030825456420712
2025-11-11 21:00,2.365833899837284
2025-11-11 22:00,9.870157243048704
2025-11-11 23:00,0.2784002523662503
2025-11-12 00:00,12.280513820216969
2025-11-12 01:00,9.888843842205155
2025-11-12 02:00,12.506200859534577
2025-11-12 03:00,14.978945546807644
2025-11-12 04:00,12.603004330118488
2025-11-12 05:00,11.278679918318142
2025-11-12 06:00,9.74501137913007
2025-11-12 07:00,6.369916444758335
2025-11-12 08:00,4.3198541099700964
2025-11-12 09:00,2.5852377020019874
2025-11-12 10:00,1.1150106340885726
2025-11-12 11:00,0.721683444133702
2025-11-12 12:00,1.0035541141058784
2025-11-12 13:00,2.222507701059613
2025-11-12 14:00,2.1162149369108985
2025-11-12 15:00,2.70662132232889
2025-11-12 16:00,5.094385142524663
2025-11-12 17:00,13.947405959655237
2025-11-12 18:00,10.912732717687124
2025-11-12 19:00,10.12912957807682
2025-11-12 20:00,6.614213755999782
2025-11-12 21:00,6.529204471692365
2025-11-12 22:00,6.238837977390636
2025-11-12 23:00,5.289026879385682
2025-11-13 00:00,7.048098191600763
2025-11-13 01:00,8.175745986939665
2025-11-13 02:00,6.242836411405046
2025-11-13 03:00,7.901910747323977
2025-11-13 04:00,4.3019291773985
2025-11-13 05:00,5.698948023207691
2025-11-13 06:00,7.702566136353046
2025-11-13 07:00,6.100103411954328
2025-11-13 08:00,3.9513226445658045
2025-11-13 09:00,3.196839582832813
2025-11-13 10:00,2.8026845532582887
2025-11-13 11:00,1.144046039061382
2025-11-13 12:00,1.7953278758009756
2025-11-13 13:00,3.7465792626976495
2025-11-13 14:00,11.33491831498532
2025-11-13 15:00,18.377278973713118
2025-11-13 16:00,25.861081567232326
2025-11-13 17:00,33.834057604778835
2025-11-13 18:00,30.199640599208426
2025-11-13 19:00,18.02742721550194
2025-11-13 20:00,18.367698471585957
2025-11-13 21:00,21.154982247528768
2025-11-13 22:00,21.16751837119327
2025-11-13 23:00,15.262037448029295
2025-11-14 00:00,6.646486735346385
2025-11-14 01:00,12.070977659351128
2025-11-14 02:00,13.616609034089343
2025-11-14 03:00,12.04391963689177
2025-11-14 04:00,6.602853357665756
2025-11-14 05:00,11.991599019065108
2025-11-14 06:00,7.6967002404769165
2025-11-14 07:00,6.9434626903649495
2025-11-14 08:00,3.626867481822464
2025-11-14 09:00,4.599776543055374
2025-11-14 10:00,2.506015154208505
2025-11-14 11:00,13.16265620343746
2025-11-14 12:00,12.504482498714285
2025-11-14 13:00,21.53642900730764
2025-11-14 14:00,19.73443680137043
2025-11-14 15:00,21.370401265278108
2025-11-14 16:00,19.70239539618469
2025-11-14 17:00,25.03201056514672
2025-11-14 18:00,9.277694853001272
2025-11-14 19:00,7.827012364741563
2025-11-14 20:00,8.250766276223704
2025-11-14 21:00,6.911896384025974
2025-11-14 22:00,8.001819166986284
2025-11-14 23:00,8.414159986480225
2025-11-15 00:00,4.06195744721336
2025-11-15 01:00,2.8700761575339655
2025-11-15 02:00,3.1067516953964276
2025-11-15 03:00,3.9803868301948384
2025-11-15 04:00,3.440405752911873
2025-11-15 05:00,3.3676031658539847
2025-11-15 06:00,2.1645650755085555
2025-11-15 07:00,1.759216827986368
2025-11-15 08:00,1.0282776795119217
2025-11-15 09:00,1.0328494142022338
2025-11-15 10:00,0.9633448761535458
2025-11-15 11:00,1.1069911042730123
2025-11-15 12:00,0.5680991794542465
2025-11-15 13:00,0.5918565948031012
2025-11-15 14:00,0.807482931736656
2025-11-15 15:00,2.0816991642106935
2025-11-15 16:00,0.5830507884372111
2025-11-15 17:00,5.6440664045840805
2025-11-15 18:00,7.280055997172841
2025-11-15 19:00,7.093278910909381
2025-11-15 20:00,6.674846699714659
2025-11-15 21:00,4.99618480337671
2025-11-15 22:00,2.28704824060316
2025-11-15 23:00,1.4043514836362025
2025-11-16 00:00,2.829343203821493
2025-11-16 01:00,4.942315964453686
2025-11-16 02:00,5.547127445550963
2025-11-16 03:00,2.8079621465103086
2025-11-16 04:00,2.475173189121307
2025-11-16 05:00,2.726460509911811
2025-11-16 06:00,3.693813857861179
2025-11-16 07:00,2.5234200529012534
2025-11-16 08:00,1.7518597446736965
2025-11-16 09:00,1.0963475043337803
2025-11-16 10:00,0.6258003993022818
2025-11-16 11:00,0.4893978859898844
2025-11-16 12:00,4.134882762488962
2025-11-16 13:00,4.758877333713602
2025-11-16 14:00,6.65833765571407
2025-11-16 15:00,6.410954872168303
2025-11-16 16:00,6.363654067981419
2025-11-16 17:00,4.861686669267886
2025-11-16 18:00,4.091601184370134
2025-11-16 19:00,4.009240907664066
2025-11-16 20:00,13.470362108469201
2025-11-16 21:00,14.71897756218075
2025-11-16 22:00,23.297305323167798
2025-11-16 23:00,11.367388371510936
2025-11-17 00:00,25.32798753517187
2025-11-17 01:00,41.02614622767891
2025-11-17 02:00,53.82072530475694
2025-11-17 03:00,45.93821657671536
2025-11-17 04:00,45.01714666331604
2025-11-17 05:00,51.03948338256759
2025-11-17 06:00,39.46048950464738
2025-11-17 07:00,41.756642195625645
2025-11-17 08:00,43.54562250850731
2025-11-17 09:00,39.12259844893761
2025-11-17 10:00,37.77933422564084
2025-11-17 11:00,42.74537641641163
2025-11-17 12:00,42.68605640325615
2025-11-17 13:00,43.29028465628348
2025-11-17 14:00,47.8927516258358
2025-11-17 15:00,48.91726821149918
2025-11-17 16:00,47.85093262964059
2025-11-17 17:00,53.89912663263817
2025-11-17 18:00,56.61654545849677
2025-11-17 19:00,55.89462934461094
2025-11-17 20:00,58.228935403937754
2025-11-17 21:00,52.50644394138189
2025-11-17 22:00,56.36309276701927
2025-11-17 23:00,55.55977593889984
2025-11-18 00:00,53.76732411548955
2025-11-18 01:00,56.385086366781046
2025-11-18 02:00,55.795810012009284
2025-11-18 03:00,49.515110389305136
2025-11-18 04:00,51.14212204658671
2025-11-18 05:00,50.54969830045832
2025-11-18 06:00,49.060452016771244
2025-11-18 07:00,44.906415679292635
2025-11-18 08:00,29.648283983456174
2025-11-18 09:00,17.733126037713717
2025-11-18 10:00,20.348006602902657
2025-11-18 11:00,35.26343416738526
2025-11-18 12:00,55.11935580134907
2025-11-18 13:00,33.649815710442624
2025-11-18 14:00,33.78918293178944
2025-11-18 15:00,27.495373504484352
2025-11-18 16:00,36.73880043066026
2025-11-18 17:00,37.64498181089776
2025-11-18 18:00,39.54366630081484
2025-11-18 19:00,28.36915852452736
2025-11-18 20:00,40.290457718234364
2025-11-18 21:00,19.01809273775649
2025-11-18 22:00,36.24501806370631
2025-11-18 23:00,26.158318618394564
2025-11-19 00:00,5.986425089904226
2025-11-19 01:00,14.544827170315774
2025-11-19 02:00,8.422547639090894
2025-11-19 03:00,3.656988168219119
2025-11-19 04:00,8.932769341849351
2025-11-19 05:00,8.500932035260032
2025-11-19 06:00,4.388473588261603
2025-11-19 07:00,2.3044885380916322
2025-11-19 08:00,4.352880830483709
2025-11-19 09:00,4.572437632944083
2025-11-19 10:00,1.5486705236473868
2025-11-19 11:00,1.0164515361912139
2025-11-19 12:00,1.4064110743218858
2025-11-19 13:00,1.841483461626468
2025-11-19 14:00,4.6702572114552865
2025-11-19 15:00,2.129748892062072
2025-11-19 16:00,7.125868284296303
2025-11-19 17:00,10.616863139320092
2025-11-19 18:00,3.6592232095116337
2025-11-19 19:00,1.7591946131785572
2025-11-19 20:00,1.0427728301521528
2025-11-19 21:00,1.4087782448187975
2025-11-19 22:00,1.07365970469707
2025-11-19 23:00,0.8671423458448873
2025-11-20 00:00,1.0013619259462059
2025-11-20 01:00,1.9708069541441984
2025-11-20 02:00,1.4926126091185157
2025-11-20 03:00,3.6525039970268818
2025-11-20 04:00,1.918536315363621
2025-11-20 05:00,1.5554209753632449
2025-11-20 06:00,7.908082601582786
2025-11-20 07:00,4.510632353977655
2025-11-20 08:00,7.457235572910788
2025-11-20 09:00,5.277188214541155
2025-11-20 10:00,2.9434488754062573
2025-11-20 11:00,6.187916325746634
2025-11-20 12:00,6.366932744824266
2025-11-20 13:00,11.639651743335486
2025-11-20 14:00,11.63523287598797
2025-11-20 15:00,18.236720098913423
2025-11-20 16:00,9.966670828142135
2025-11-20 17:00,9.25950146410377
2025-11-20 18:00,13.596091187961688
2025-11-20 19:00,25.827843080002435
2025-11-20 20:00,26.99409906659906
2025-11-20 21:00,32.805231247555994
2025-11-20 22:00,34.47027480687407
2025-11-20 23:00,36.75550371510457
2025-11-21 00:00,29.44182538673295
2025-11-21 01:00,14.217753478102727
2025-11-21 02:00,12.06482374567156
2025-11-21 03:00,10.619891675404284
2025-11-21 04:00,10.753064122352779
2025-11-21 05:00,7.235730413071658
2025-11-21 06:00,5.124626412265402
2025-11-21 07:00,1.959547909340862
2025-11-21 08:00,1.4055968156781327
2025-11-21 09:00,1.2071258099353215
2025-11-21 10:00,2.225883708152288
2025-11-21 11:00,1.820454201361208
2025-11-21 12:00,1.5818174488213248
2025-11-21 13:00,8.245997390012663
2025-11-21 14:00,8.92596721264248
2025-11-21 15:00,8.259707950491915
2025-11-21 16:00,6.340930025079886
2025-11-21 17:00,5.540923249338917
2025-11-21 18:00,11.360109473405934
2025-11-21 19:00,13.066656024999098
2025-11-21 20:00,12.737766123254438
2025-11-21 21:00,14.915472529209397
2025-11-21 22:00,15.527550661348966
2025-11-21 23:00,15.160117307676511
2025-11-22 00:00,11.519542750569347
2025-11-22 01:00,12.590351270627131
2025-11-22 02:00,12.500758591819283
2025-11-22 03:00,11.835516525255578
2025-11-22 04:00,12.330662559661398
2025-11-22 05:00,13.335855802403595
2025-11-22 06:00,11.667431866858564
2025-11-22 07:00,6.8235165126456705
2025-11-22 08:00,8.613605792856015
2025-11-22 09:00,4.425978939504957
2025-11-22 10:00,1.578563319923623
2025-11-22 11:00,1.7266945025396963
2025-11-22 12:00,1.973105382147672
2025-11-22 13:00,2.2538155082438367
2025-11-22 14:00,2.2048196576481005
2025-11-22 15:00,5.196076550122947
2025-11-22 16:00,7.717405342365277
2025-11-22 17:00,8.010807378911139
2025-11-22 18:00,9.89931041938635
2025-11-22 19:00,10.718706562708675
2025-11-22 20:00,12.586288739213991
2025-11-22 21:00,17.916956520197417
2025-11-22 22:00,13.66184170434075
2025-11-22 23:00,13.790981750968317
2025-11-23 00:00,9.209050320726945
2025-11-23 01:00,10.878740275876302
2025-11-23 02:00,11.031105893484598
2025-11-23 03:00,6.1243136727281255
2025-11-23 04:00,8.459285813382246
2025-11-23 05:00,11.201880090478603
2025-11-23 06:00,24.72414288538581
2025-11-23 07:00,15.629626233127235
2025-11-23 08:00,13.457849500263812
2025-11-23 09:00,9.987856064005985
2025-11-23 10:00,5.764374287850906
2025-11-23 11:00,12.432286266476627
2025-11-23 12:00,15.569123727378923
2025-11-23 13:00,11.634031814836316
2025-11-23 14:00,10.770732789712763
2025-11-23 15:00,11.83128085958569
2025-11-23 16:00,13.75849825608857
2025-11-23 17:00,19.416920807709324
2025-11-23 18:00,16.454628603862623
2025-11-23 19:00,20.829796956660147
2025-11-23 20:00,30.417250772824147
2025-11-23 21:00,20.578702120588705
2025-11-23 22:00,21.747076569415697
2025-11-23 23:00,15.079726769463115
2025-11-24 00:00,21.44126532272238
2025-11-24 01:00,20.06491095035898
2025-11-24 02:00,14.453477738358565
2025-11-24 03:00,23.95396132811053
2025-11-24 04:00,25.23141325675732
2025-11-24 05:00,19.275652760341682
2025-11-24 06:00,24.89765724736358
2025-11-24 07:00,21.41437202484701
2025-11-24 08:00,23.526250004022735
2025-11-24 09:00,15.344311377531472
2025-11-24 10:00,17.55868803053628
2025-11-24 11:00,18.033884286556415
2025-11-24 12:00,19.782037109959553
2025-11-24 13:00,19.60952121695239
2025-11-24 14:00,19.839095539761587
2025-11-24 15:00,16.223681096725727
2025-11-24 16:00,15.074103809799379
2025-11-24 17:00,12.49307806471067
2025-11-24 18:00,11.535924004466395
2025-11-24 19:00,10.748728736065674
2025-11-24 20:00,9.051911773653611
2025-11-24 21:00,10.34159479473487
2025-11-24 22:00,13.389727828323736
2025-11-24 23:00,12.505928968950167
2025-11-25 00:00,10.082570183748114
2025-11-25 01:00,10.773445901945202
2025-11-25 02:00,13.515268684534588
2025-11-25 03:00,12.285020677097297
2025-11-25 04:00,14.876870942316893
2025-11-25 05:00,12.52965922539406
2025-11-25 06:00,22.344171607507818
2025-11-25 07:00,11.864280614393914
2025-11-25 08:00,49.93564886344048
2025-11-25 09:00,35.4106186318851
2025-11-25 10:00,52.52894908015828
2025-11-25 11:00,54.1219836913489
2025-11-25 12:00,38.78970755793107
2025-11-25 13:00,60.86833866717656
2025-11-25 14:00,58.68289047573573
2025-11-25 15:00,60.58354292863457
2025-11-25 16:00,60.90230540418463
2025-11-25 17:00,61.0768824444897
2025-11-25 18:00,59.55857667620782
2025-11-25 19:00,59.10140213689429
2025-11-25 20:00,57.72530214609108
2025-11-25 21:00,58.56554607631679
2025-11-25 22:00,52.776794742436934
2025-11-25 23:00,39.72446764754149
2025-11-26 00:00,15.803260186090656
2025-11-26 01:00,11.302853369770887
2025-11-26 02:00,10.381317754580575
2025-11-26 03:00,6.00533721814489
2025-11-26 04:00,4.449151245287315
2025-11-26 05:00,6.822156168862136
2025-11-26 06:00,9.009073562390926
2025-11-26 07:00,4.023399067798788
2025-11-26 08:00,2.443818853375544
2025-11-26 09:00,3.2747564309697053
2025-11-26 10:00,2.670173394760036
2025-11-26 11:00,1.8354855194348259
2025-11-26 12:00,1.655078310388408
2025-11-26 13:00,1.6807799887733053
2025-11-26 14:00,1.8425491800303115
2025-11-26 15:00,2.3226811628378012
2025-11-26 16:00,2.201472844563727
2025-11-26 17:00,2.9315506556126705
2025-11-26 18:00,0.9184184697655693
2025-11-26 19:00,1.6354683120382334
2025-11-26 20:00,3.329886448451545
2025-11-26 21:00,2.5605499251637616
2025-11-26 22:00,1.1928812466744534
2025-11-26 23:00,2.5997337206767246
2025-11-27 00:00,9.531432245751366
2025-11-27 01:00,12.3329434409649
2025-11-27 02:00,12.78219952969702
2025-11-27 03:00,34.68195844096141
2025-11-27 04:00,43.128244804212805
2025-11-27 05:00,51.1566280981955
2025-11-27 06:00,52.401392200972744
2025-11-27 07:00,45.4182530114514
2025-11-27 08:00,51.219052309916165
2025-11-27 09:00,53.49340402441395
2025-11-27 10:00,46.77475578342463
2025-11-27 11:00,54.82304813741659
2025-11-27 12:00,54.73531146121632
2025-11-27 13:00,56.092694940070196
2025-11-27 14:00,56.94635707256493
2025-11-27 15:00,54.249910249568764
2025-11-27 16:00,54.20609358720294
2025-11-27 17:00,53.03554573534634
2025-11-27 18:00,50.95313769247548
2025-11-27 19:00,67.33681529098966
2025-11-27 20:00,56.98366603332612
2025-11-27 21:00,56.80920137671373
2025-11-27 22:00,57.28617446533899
2025-11-27 23:00,60.48296502301351
2025-11-28 00:00,54.28470224861985
2025-11-28 01:00,53.3570662611959
2025-11-28 02:00,52.534547665624125
2025-11-28 03:00,55.532906756317075
2025-11-28 04:00,37.216195200909354
2025-11-28 05:00,34.87098875646694
2025-11-28 06:00,28.50882539863065
2025-11-28 07:00,26.499950798043606
2025-11-28 08:00,18.770148245364506
2025-11-28 09:00,17.9358236120556
2025-11-28 10:00,12.52144000198253
2025-11-28 11:00,3.156766537082887
2025-11-28 12:00,5.748307317290193
2025-11-28 13:00,5.555236597756732
2025-11-28 14:00,6.522184138752872
2025-11-28 15:00,8.15100057584296
2025-11-28 16:00,6.441733561714082
2025-11-28 17:00,8.432502304368551
2025-11-28 18:00,5.858855107859694
2025-11-28 19:00,1.6041879025825005
2025-11-28 20:00,3.1477837518504406
2025-11-28 21:00,2.6858714672881465
2025-11-28 22:00,2.6118386282792247
2025-11-28 23:00,2.23689187910007
2025-11-29 00:00,6.635284220940248
2025-11-29 01:00,6.798571069566114
2025-11-29 02:00,6.305310070859372
2025-11-29 03:00,8.320157376190057
2025-11-29 04:00,7.236803103609269
2025-11-29 05:00,4.264070596233517
2025-11-29 06:00,4.842352056791382
2025-11-29 07:00,10.055797822632657
2025-11-29 08:00,10.253431748757398
2025-11-29 09:00,12.66506024099975
2025-11-29 10:00,20.897372039312614
2025-11-29 11:00,28.200292854268703
2025-11-29 12:00,30.609538316572408
2025-11-29 13:00,27.866030648839867
2025-11-29 14:00,30.209604066517066
2025-11-29 15:00,38.03611022383965
2025-11-29 16:00,39.579568855566315
2025-11-29 17:00,38.54882030764312
2025-11-29 18:00,36.44427754799887
2025-11-29 19:00,42.186059434403106
2025-11-29 20:00,39.00834667817796
2025-11-29 21:00,36.58812913253252
2025-11-29 22:00,35.847268593625934
2025-11-29 23:00,30.403036769172218
2025-11-30 00:00,41.68451931191968
2025-11-30 01:00,40.88430469648532
2025-11-30 02:00,37.30518497571704
2025-11-30 03:00,28.951547764205994
2025-11-30 04:00,21.877476726356896
2025-11-30 05:00,15.0020159578017
2025-11-30 06:00,17.489449281487516
2025-11-30 07:00,21.975329173488916
2025-11-30 08:00,23.05698518966597
2025-11-30 09:00,15.657535089769631
2025-11-30 10:00,21.438967046216064
2025-11-30 11:00,16.312034883162397
2025-11-30 12:00,18.154921861143713
2025-11-30 13:00,17.76369746161562
2025-11-30 14:00,22.001808520478843
2025-11-30 15:00,24.339584456343587
2025-11-30 16:00,27.405316599285285
2025-11-30 17:00,31.505095109223294
2025-11-30 18:00,29.957388780666218
2025-11-30 19:00,30.566494083938252
2025-11-30 20:00,31.49284016105722
2025-11-30 21:00,26.04992535038883
2025-11-30 22:00,13.411044744344148
2025-11-30 23:00,17.371780161715336
2025-12-01 00:00,18.334197892496107
2025-12-01 01:00,41.23432895836062
2025-12-01 02:00,45.761694449238774
2025-12-01 03:00,40.862730332310356
2025-12-01 04:00,42.42968463189034
2025-12-01 05:00,31.222779662443077
2025-12-01 06:00,30.574469205935717
2025-12-01 07:00,13.512410421999538
2025-12-01 08:00,6.565267279570995
2025-12-01 09:00,9.741916153423663
2025-12-01 10:00,19.689364508951076
2025-12-01 11:00,25.151000558369663
2025-12-01 12:00,26.42479244328578
2025-12-01 13:00,25.815109216146283
2025-12-01 14:00,26.44124495305462
2025-12-01 15:00,28.210483269246758
2025-12-01 16:00,29.40759002932935
2025-12-01 17:00,36.31055570038809
2025-12-01 18:00,14.302945861205366
2025-12-01 19:00,11.239563513168747
2025-12-01 20:00,14.225698724706945
2025-12-01 21:00,12.451805747817831
2025-12-01 22:00,16.664311390882368
2025-12-01 23:00,14.740009831215128
2025-12-02 00:00,18.913374866862938
2025-12-02 01:00,29.362961090774164
2025-12-02 02:00,32.65567516118078
2025-12-02 03:00,29.96347039589113
2025-12-02 04:00,30.72950413357458
2025-12-02 05:00,22.197381317793113
2025-12-02 06:00,29.42639594664554
2025-12-02 07:00,36.024273854121915
2025-12-02 08:00,36.91514251631823
2025-12-02 09:00,45.92662173011854
2025-12-02 10:00,32.58182467214824
2025-12-02 11:00,30.04263356557047
2025-12-02 12:00,26.699083092653765
2025-12-02 13:00,25.0177136762794
2025-12-02 14:00,30.827086831707163
2025-12-02 15:00,35.529574936079804
2025-12-02 16:00,37.33750287290184
2025-12-02 17:00,41.28657773592991
2025-12-02 18:00,41.38304645304961
2025-12-02 19:00,37.62163690956322
2025-12-02 20:00,43.423531242336765
2025-12-02 21:00,38.122067147613066
2025-12-02 22:00,28.11002598650673
2025-12-02 23:00,24.230265871704475
2025-12-03 00:00,41.35101022728386
2025-12-03 01:00,53.29162579573551
2025-12-03 02:00,54.20329630977292
2025-12-03 03:00,57.01395217675395
2025-12-03 04:00,57.46389471519446
2025-12-03 05:00,58.89457119872193
2025-12-03 06:00,48.77316362213022
2025-12-03 07:00,34.01960764554902
2025-12-03 08:00,23.596734744862598
2025-12-03 09:00,5.070670632242451
2025-12-03 10:00,33.39643597271299
2025-12-03 11:00,48.965417103743434
2025-12-03 12:00,46.57144520062412
2025-12-03 13:00,45.675951171615516
2025-12-03 14:00,50.45913901392657
2025-12-03 15:00,50.652734665412694
2025-12-03 16:00,53.362512733890625
2025-12-03 17:00,50.95090119130132
2025-12-03 18:00,53.558011849469224
2025-12-03 19:00,53.436986832618004
2025-12-03 20:00,52.5443524028437
2025-12-03 21:00,50.430239755841534
2025-12-03 22:00,50.588938137920564
2025-12-03 23:00,34.06404724439357
2025-12-04 00:00,43.82446175448821
2025-12-04 01:00,43.15803932291286
2025-12-04 02:00,22.477632312472455
2025-12-04 03:00,22.659964841152767
2025-12-04 04:00,15.33285044835255
2025-12-04 05:00,15.445830203110447
2025-12-04 06:00,11.82258339514302
2025-12-04 07:00,6.488397221786211
2025-12-04 08:00,7.509422971430492
2025-12-04 09:00,6.332913412413832
2025-12-04 10:00,5.137737069028502
2025-12-04 11:00,2.102971804421909
2025-12-04 12:00,1.3025838919599975
2025-12-04 13:00,1.7284694393141464
2025-12-04 14:00,3.0220835631471106
2025-12-04 15:00,5.828691524047021
2025-12-04 16:00,7.188208322350949
2025-12-04 17:00,18.358918983031288
2025-12-04 18:00,27.11651093455581
2025-12-04 19:00,28.97161411348081
2025-12-04 20:00,60.06723899644542
2025-12-04 21:00,52.2005655930138
2025-12-04 22:00,61.909050589659564
2025-12-04 23:00,61.48413808788261
2025-12-05 00:00,56.37142309126757
2025-12-05 01:00,54.07711882715958
2025-12-05 02:00,51.735636435494186
2025-12-05 03:00,43.26741377141183
2025-12-05 04:00,45.43333210307257
2025-12-05 05:00,36.6343607968475
2025-12-05 06:00,41.19492661509715
2025-12-05 07:00,25.595699509639807
2025-12-05 08:00,18.451490151549525
2025-12-05 09:00,14.406551680470338
2025-12-05 10:00,17.68248616702588
2025-12-05 11:00,17.52923613097164
2025-12-05 12:00,18.489219419657662
2025-12-05 13:00,12.793161578342934
2025-12-05 14:00,13.595766337539406
2025-12-05 15:00,9.299882653920895
2025-12-05 16:00,16.005838713608917
2025-12-05 17:00,14.00980213933386
2025-12-05 18:00,5.8527484749270915
2025-12-05 19:00,5.94976093706075
2025-12-05 20:00,3.4489023588089087
2025-12-05 21:00,1.0607073838979033
2025-12-05 22:00,1.9045928348949974
2025-12-05 23:00,1.034136203250272
2025-12-06 00:00,4.3194601325173405
2025-12-06 01:00,4.460382132820308
2025-12-06 02:00,1.3029207869910637
2025-12-06 03:00,1.706073743560701
2025-12-06 04:00,3.031728932303806
2025-12-06 05:00,10.250836800625876
2025-12-06 06:00,7.372339706897004
2025-12-06 07:00,7.1708010989305855
2025-12-06 08:00,10.204164441129999
2025-12-06 09:00,9.782207675362233
2025-12-06 10:00,13.57610539429303
2025-12-06 11:00,11.101802607525954
2025-12-06 12:00,21.825025468133745
2025-12-06 13:00,28.980721305174214
2025-12-06 14:00,33.17532286495994
2025-12-06 15:00,38.23612988395017
2025-12-06 16:00,37.3650143511914
2025-12-06 17:00,36.660348180831015
2025-12-06 18:00,39.57869919969612
2025-12-06 19:00,44.010006788007374
2025-12-06 20:00,45.32364240699839
2025-12-06 21:00,38.07049215434132
2025-12-06 22:00,40.59770351729338
2025-12-06 23:00,41.010972634149084
2025-12-07 00:00,25.87236757536571
2025-12-07 01:00,27.761293718098585
2025-12-07 02:00,14.341503781893465
2025-12-07 03:00,14.234768834586657
2025-12-07 04:00,9.16795341858848
2025-12-07 05:00,15.294588176085888
2025-12-07 06:00,14.972813487795083
2025-12-07 07:00,25.209398635708368
2025-12-07 08:00,14.262863952446022
2025-12-07 09:00,9.573537063986489
2025-12-07 10:00,6.700614569492945
2025-12-07 11:00,17.907856946998074
2025-12-07 12:00,17.878822816915214
2025-12-07 13:00,21.431779241220717
2025-12-07 14:00,25.270170314723476
2025-12-07 15:00,26.593351755842274
2025-12-07 16:00,31.71506440577634
2025-12-07 17:00,29.753456269033045
2025-12-07 18:00,24.054791366484267
2025-12-07 19:00,15.464353306929866
2025-12-07 20:00,42.10534488137527
2025-12-07 21:00,34.5081329970746
2025-12-07 22:00,39.90894083611471
2025-12-07 23:00,49.4158168601812
2025-12-08 00:00,55.07088562390783
2025-12-08 01:00,56.94530706396275
2025-12-08 02:00,57.52910684930505
2025-12-08 03:00,55.83044219567141
2025-12-08 04:00,52.47706658363543
2025-12-08 05:00,53.05879136819735
2025-12-08 06:00,35.95993215613882
2025-12-08 07:00,35.50851872998065
2025-12-08 08:00,35.263344123743074
2025-12-08 09:00,23.968160181021354
2025-12-08 10:00,23.985365436672197
2025-12-08 11:00,30.476504541095366
2025-12-08 12:00,30.558941236145014
2025-12-08 13:00,29.04781716730291
2025-12-08 14:00,30.757597863386216
2025-12-08 15:00,28.558255632296667
2025-12-08 16:00,30.100697748071845
2025-12-08 17:00,26.416376285393362
2025-12-08 18:00,16.461312683348112
2025-12-08 19:00,9.802268216083817
2025-12-08 20:00,9.529806495226792
2025-12-08 21:00,7.48166457449508
2025-12-08 22:00,4.936402937171195
2025-12-08 23:00,2.1390935360647623
2025-12-09 00:00,3.4854686475570165
2025-12-09 01:00,5.6589372150785575
2025-12-09 02:00,1.9986875839110092
2025-12-09 03:00,3.4069730414650334
2025-12-09 04:00,5.107057426577046
2025-12-09 05:00,1.9352119345718282
2025-12-09 06:00,3.087253276847074
2025-12-09 07:00,1.758445395975853
2025-12-09 08:00,2.226633280977768
2025-12-09 09:00,1.6040629696395716
2025-12-09 10:00,2.3928372148999504
2025-12-09 11:00,1.0097706034366618
2025-12-09 12:00,1.174230873406558
2025-12-09 13:00,0.8541982905854059
2025-12-09 14:00,3.015664424949187
2025-12-09 15:00,6.3892290059241175
2025-12-09 16:00,2.3299721734296064
2025-12-09 17:00,0.835623556973676
2025-12-09 18:00,0.31002674216649473
2025-12-09 19:00,0.4402581034279329
2025-12-09 20:00,0.5645449577074206
2025-12-09 21:00,0.9493055945911457
2025-12-09 22:00,1.7404747789393042
2025-12-09 23:00,2.1020997086164472
2025-12-10 00:00,2.3998784201963503
2025-12-10 01:00,2.1775210421226117
2025-12-10 02:00,2.999175478434287
2025-12-10 03:00,6.205001284122923
2025-12-10 04:00,3.0675230505866025
2025-12-10 05:00,6.494288763651929
2025-12-10 06:00,6.934272855582406
2025-12-10 07:00,3.3869723868213035
2025-12-10 08:00,4.086016668412722
2025-12-10 09:00,3.312736496185492
2025-12-10 10:00,3.086069475911149
2025-12-10 11:00,1.6644515135650546
2025-12-10 12:00,2.5504516495061673
2025-12-10 13:00,2.1453960344557963
2025-12-10 14:00,2.357129103630486
2025-12-10 15:00,2.9755347669082663
2025-12-10 16:00,3.046339215438521
2025-12-10 17:00,4.576410023018063
2025-12-10 18:00,2.050885891115849
2025-12-10 19:00,2.493101064743936
2025-12-10 20:00,1.907516522993298
2025-12-10 21:00,2.84305027218191
2025-12-10 22:00,1.617328665001473
2025-12-10 23:00,1.8310956042846134
2025-12-11 00:00,20.85099249833291
2025-12-11 01:00,18.07496565772013
2025-12-11 02:00,16.73284377873317
2025-12-11 03:00,26.132140244950385
2025-12-11 04:00,18.493711119827356
2025-12-11 05:00,22.25901256978744
2025-12-11 06:00,36.70968810123237
2025-12-11 07:00,22.84455302922787
2025-12-11 08:00,25.542659999170493
2025-12-11 09:00,11.718579917916497
2025-12-11 10:00,29.024123470710943
2025-12-11 11:00,45.49734549307527
2025-12-11 12:00,51.59137417527427
2025-12-11 13:00,58.552569697368995
2025-12-11 14:00,59.30459600960086
2025-12-11 15:00,58.79113319227655
2025-12-11 16:00,59.506627619085705
2025-12-11 17:00,56.70177854106994
2025-12-11 18:00,53.363283157044364
2025-12-11 19:00,57.14897957774803
2025-12-11 20:00,54.72624151948851
2025-12-11 21:00,55.16827561123662
2025-12-11 22:00,55.79611710258836
2025-12-11 23:00,53.466662699768435
2025-12-12 00:00,36.63958948263505
2025-12-12 01:00,31.95357632364606
2025-12-12 02:00,31.70688710317756
2025-12-12 03:00,25.29256363530172
2025-12-12 04:00,20.257108407269698
2025-12-12 05:00,20.114311262985186
2025-12-12 06:00,16.878566216189398
2025-12-12 07:00,17.09502245022851
2025-12-12 08:00,13.386090353260673
2025-12-12 09:00,14.013982418768528
2025-12-12 10:00,11.6480693615547
2025-12-12 11:00,4.176657285790835
2025-12-12 12:00,3.856173527180869
2025-12-12 13:00,1.061630018569016
2025-12-12 14:00,1.3141528944168952
2025-12-12 15:00,1.351657743501987
2025-12-12 16:00,1.3670134645447491
2025-12-12 17:00,1.3719822609081236
2025-12-12 18:00,2.5898890494090834
2025-12-12 19:00,4.279610365045018
2025-12-12 20:00,3.3708070558529433
2025-12-12 21:00,3.7864086500132217
2025-12-12 22:00,3.908175854963873
2025-12-12 23:00,5.158610876070695
2025-12-13 00:00,3.8756207940322636
2025-12-13 01:00,1.878243691165621
2025-12-13 02:00,2.3879397906359894
2025-12-13 03:00,1.6300339578972183
2025-12-13 04:00,7.317763555747201
2025-12-13 05:00,9.047354720100662
2025-12-13 06:00,9.378598351282976
2025-12-13 07:00,8.731957644254244
2025-12-13 08:00,4.806667723545713
2025-12-13 09:00,3.6780827452826403
2025-12-13 10:00,1.90215225201438
2025-12-13 11:00,1.593880050640224
2025-12-13 12:00,2.8131333630452273
2025-12-13 13:00,4.317985918420482
2025-12-13 14:00,12.256424176621907
2025-12-13 15:00,7.057634248340046
2025-12-13 16:00,12.68934992298488
2025-12-13 17:00,15.713169771838373
2025-12-13 18:00,16.138365349246797
2025-12-13 19:00,23.438865839187297
2025-12-13 20:00,14.476729169886244
2025-12-13 21:00,11.729829516967326
2025-12-13 22:00,10.436324244717115
2025-12-13 23:00,6.454336685944016
2025-12-14 00:00,17.697624844172715
2025-12-14 01:00,14.412916416046755
2025-12-14 02:00,20.10115850421582
2025-12-14 03:00,17.34627258312763
2025-12-14 04:00,32.91160414701541
2025-12-14 05:00,21.757750982975175
2025-12-14 06:00,12.03300410911999
2025-12-14 07:00,7.413033082346823
2025-12-14 08:00,21.843720781062633
2025-12-14 09:00,50.46216640350398
2025-12-14 10:00,46.256403622533625
2025-12-14 11:00,37.964967664254054
2025-12-14 12:00,52.06504454125415
2025-12-14 13:00,54.128976443875715
2025-12-14 14:00,52.24472557002923
2025-12-14 15:00,49.692020190271705
2025-12-14 16:00,49.59647501241189
2025-12-14 17:00,42.86251953288857
2025-12-14 18:00,49.088284304726656
2025-12-14 19:00,41.44556344662289
2025-12-14 20:00,39.61394370795642
2025-12-14 21:00,38.24852106323105
2025-12-14 22:00,12.986801986232217
2025-12-14 23:00,39.354724127019615
2025-12-15 00:00,3.486601361243961
2025-12-15 01:00,5.549137355487363
2025-12-15 02:00,6.922491620388296
2025-12-15 03:00,3.0262089369234335
2025-12-15 04:00,2.8007232585334036
2025-12-15 05:00,3.612743550989652
2025-12-15 06:00,5.48728040164431
2025-12-15 07:00,3.061469888050052
2025-12-15 08:00,2.3511780762388907
2025-12-15 09:00,2.5935822135437006
2025-12-15 10:00,4.7899894253964606
2025-12-15 11:00,3.3079812788056353
2025-12-15 12:00,1.7524937153683637
2025-12-15 13:00,1.8692671993109706
2025-12-15 14:00,3.4391437302468386
2025-12-15 15:00,3.683890567492104
2025-12-15 16:00,3.70886573628057
2025-12-15 17:00,2.480578026472412
2025-12-15 18:00,6.197961997897589
2025-12-15 19:00,8.145457904178445
2025-12-15 20:00,8.426975975277553
2025-12-15 21:00,20.610050634753797
2025-12-15 22:00,31.668521079888393
2025-12-15 23:00,28.92546023159882
2025-12-16 00:00,8.502511413423944
2025-12-16 01:00,13.521979321693355
2025-12-16 02:00,21.960401967436034
2025-12-16 03:00,13.447693504170516
2025-12-16 04:00,18.05156460819509
2025-12-16 05:00,25.181938554952367
2025-12-16 06:00,17.253408472273428
2025-12-16 07:00,20.14650991053898
2025-12-16 08:00,21.298549034855974
2025-12-16 09:00,14.10694350213732
2025-12-16 10:00,10.103838486623612
2025-12-16 11:00,11.075820217664987
2025-12-16 12:00,15.4710708106914
2025-12-16 13:00,17.665618782396056
2025-12-16 14:00,11.551752823025943
2025-12-16 15:00,12.58727978256049
2025-12-16 16:00,13.088659694227605
2025-12-16 17:00,7.502380078999804
2025-12-16 18:00,9.120551058557997
2025-12-16 19:00,8.42925234889621
2025-12-16 20:00,7.028345145297228
2025-12-16 21:00,7.900275741408025
2025-12-16 22:00,8.477700853017053
2025-12-16 23:00,8.852800677646217
2025-12-17 00:00,9.64741287423327
2025-12-17 01:00,6.967441214028869
2025-12-17 02:00,5.8655772918205615
2025-12-17 03:00,3.9496374807378465
2025-12-17 04:00,3.7441712729063528
2025-12-17 05:00,4.9794709965352375
2025-12-17 06:00,2.4495766863188355
2025-12-17 07:00,6.8719845124109895
2025-12-17 08:00,9.47049535908127
2025-12-17 09:00,12.85097450372947
2025-12-17 10:00,24.31356816302464
2025-12-17 11:00,30.258168960231387
2025-12-17 12:00,38.043943383035405
2025-12-17 13:00,35.398953006588314
2025-12-17 14:00,40.5022472483737
2025-12-17 15:00,42.405033010103
2025-12-17 16:00,41.343433217624145
2025-12-17 17:00,32.32958692468779
2025-12-17 18:00,19.309248084909775
2025-12-17 19:00,13.072744167085123
2025-12-17 20:00,13.218408216786507
2025-12-17 21:00,13.723919650865843
2025-12-17 22:00,13.440813781807913
2025-12-17 23:00,10.342054263314294
2025-12-18 00:00,8.527673062156916
2025-12-18 01:00,3.3158272477980435
2025-12-18 02:00,6.219529343738107
2025-12-18 03:00,5.562074670126471
2025-12-18 04:00,6.894534708181212
2025-12-18 05:00,5.434018898480437
2025-12-18 06:00,5.833103006872605
2025-12-18 07:00,2.0595108991885276
2025-12-18 08:00,2.1887894796240484
2025-12-18 09:00,3.1955333572248246
2025-12-18 10:00,3.5825815957628846
2025-12-18 11:00,1.5399902076292005
2025-12-18 12:00,2.902868298104802
2025-12-18 13:00,3.5148870622733757
2025-12-18 14:00,3.3936696718656565
2025-12-18 15:00,3.239853906989226
2025-12-18 16:00,4.647746407941463
2025-12-18 17:00,8.016641003026994
2025-12-18 18:00,8.45657159249774
2025-12-18 19:00,7.4724454146859225
2025-12-18 20:00,5.151118886799602
2025-12-18 21:00,7.103064612420904
2025-12-18 22:00,3.8519607227466954
2025-12-18 23:00,4.471861403366182
2025-12-19 00:00,6.706333856561782
2025-12-19 01:00,6.981559291476479
2025-12-19 02:00,9.460856181180528
2025-12-19 03:00,6.461458597914964
2025-12-19 04:00,6.608311368522958
2025-12-19 05:00,5.3731381845676465
2025-12-19 06:00,7.589456589716781
2025-12-19 07:00,6.938601944499046
2025-12-19 08:00,8.835358614100267
2025-12-19 09:00,4.23949401808227
2025-12-19 10:00,3.217893271310075
2025-12-19 11:00,8.014716815797865
2025-12-19 12:00,14.077068931374082
2025-12-19 13:00,13.033889896712251
2025-12-19 14:00,13.983093006563392
2025-12-19 15:00,11.045263557121228
2025-12-19 16:00,8.342700856983246
2025-12-19 17:00,6.7893777334246534
2025-12-19 18:00,10.710967551990546
2025-12-19 19:00,14.618389920080514
2025-12-19 20:00,13.29610163087839
2025-12-19 21:00,17.769404754311978
2025-12-19 22:00,24.58097961211906
2025-12-19 23:00,32.145186192793965
2025-12-20 00:00,17.117419691751707
2025-12-20 01:00,14.385166518088209
2025-12-20 02:00,15.059377301414045
2025-12-20 03:00,18.249471024053477
2025-12-20 04:00,25.144572007639773
2025-12-20 05:00,33.1161272028315
2025-12-20 06:00,19.341264448135565
2025-12-20 07:00,22.12815864276484
2025-12-20 08:00,21.6726633522667
2025-12-20 09:00,14.58260637656139
2025-12-20 10:00,17.952078831094365
2025-12-20 11:00,14.72913998858926
2025-12-20 12:00,11.817341085213537
2025-12-20 13:00,11.612004400171042
2025-12-20 14:00,15.126658954303819
2025-12-20 15:00,18.9397024935192
2025-12-20 16:00,28.445641754411263
2025-12-20 17:00,33.10698716016712
2025-12-20 18:00,53.53405713704233
2025-12-20 19:00,43.63713820227569
2025-12-20 20:00,47.59713464250064
2025-12-20 21:00,38.39537001488326
2025-12-20 22:00,49.98069495347322
2025-12-20 23:00,56.68743020551017
2025-12-21 00:00,48.85627256968616
2025-12-21 01:00,43.53237680668263
2025-12-21 02:00,51.38900829335532
2025-12-21 03:00,52.98021566770699
2025-12-21 04:00,56.73668923184289
2025-12-21 05:00,57.88842451110653
2025-12-21 06:00,52.81055773049592
2025-12-21 07:00,48.6470949991585
2025-12-21 08:00,43.42794557320943
2025-12-21 09:00,31.81653458189563
2025-12-21 10:00,31.770031072882272
2025-12-21 11:00,32.98842338912792
2025-12-21 12:00,39.89467044311415
2025-12-21 13:00,39.918024163728745
2025-12-21 14:00,36.302457008671595
2025-12-21 15:00,34.68632042383973
2025-12-21 16:00,36.59175470601205
2025-12-21 17:00,36.16623362783424
2025-12-21 18:00,29.209087837052913
2025-12-21 19:00,25.752348431741016
2025-12-21 20:00,23.02363442249462
2025-12-21 21:00,16.180120610754216
2025-12-21 22:00,19.95742222381606
2025-12-21 23:00,19.791768063624904
2025-12-22 00:00,27.62140464793613
2025-12-22 01:00,22.10531346876695
2025-12-22 02:00,14.162586806255192
2025-12-22 03:00,16.387772236561432
2025-12-22 04:00,14.479773923086949
2025-12-22 05:00,12.183348049980914
2025-12-22 06:00,11.527523524172913
2025-12-22 07:00,11.631264673800924
2025-12-22 08:00,11.283889818153153
2025-12-22 09:00,12.309256920811855
2025-12-22 10:00,5.042713397147315
2025-12-22 11:00,2.9446998162407425
2025-12-22 12:00,0.909082085194163
2025-12-22 13:00,3.273417791369921
2025-12-22 14:00,2.725906872082926
2025-12-22 15:00,2.2645495386596783
2025-12-22 16:00,6.297214037355026
2025-12-22 17:00,4.015086886381878
2025-12-22 18:00,5.043250717957238
2025-12-22 19:00,11.165341912932
2025-12-22 20:00,13.72628633339378
2025-12-22 21:00,4.62107112571953
2025-12-22 22:00,1.7351173410492335
2025-12-22 23:00,1.4986443522325423
2025-12-23 00:00,3.5070741362121622
2025-12-23 01:00,6.309107904023865
2025-12-23 02:00,2.457242214852651
2025-12-23 03:00,1.7240869605654914
2025-12-23 04:00,2.3087973245863633
2025-12-23 05:00,4.225190677410051
2025-12-23 06:00,3.7487281177755816
2025-12-23 07:00,2.7214922626419193
2025-12-23 08:00,2.632003611068819
2025-12-23 09:00,3.8524374153709937
2025-12-23 10:00,2.904677764382651
2025-12-23 11:00,3.944458204575288
2025-12-23 12:00,12.431649395782921
2025-12-23 13:00,8.179009007201667
2025-12-23 14:00,9.830322183967237
2025-12-23 15:00,16.75349711934338
2025-12-23 16:00,21.691027319818655
2025-12-23 17:00,26.282642525650544
2025-12-23 18:00,12.118137013595028
2025-12-23 19:00,6.424491430327158
2025-12-23 20:00,8.665750176354209
2025-12-23 21:00,19.926090549484655
2025-12-23 22:00,18.862518075406285
2025-12-23 23:00,13.391169244053943
2025-12-24 00:00,10.849525467411548
2025-12-24 01:00,16.653348797625043
2025-12-24 02:00,14.222553290901674
2025-12-24 03:00,19.33817885037853
2025-12-24 04:00,32.02805003619591
2025-12-24 05:00,42.144304021422755
2025-12-24 06:00,41.15673147865341
2025-12-24 07:00,43.54579905887742
2025-12-24 08:00,38.25748249182425
2025-12-24 09:00,34.646533706877335
2025-12-24 10:00,31.05786952098157
2025-12-24 11:00,29.507010622007183
2025-12-24 12:00,25.075611736132913
2025-12-24 13:00,28.631382584378027
2025-12-24 14:00,32.16160013279349
2025-12-24 15:00,35.89753516756783
2025-12-24 16:00,36.76441878576286
2025-12-24 17:00,35.6770496379377
2025-12-24 18:00,27.351036088963383
2025-12-24 19:00,30.87321691232349
2025-12-24 20:00,32.688627913841174
2025-12-24 21:00,31.551016502382918
2025-12-24 22:00,27.418346116185276
2025-12-24 23:00,26.47773666528984
2025-12-25 00:00,28.26844546319108
2025-12-25 01:00,21.786574766474807
2025-12-25 02:00,28.02879358169613
2025-12-25 03:00,33.2014214746857
2025-12-25 04:00,30.197596653275472
2025-12-25 05:00,29.89586512961597
2025-12-25 06:00,35.06502932677625
2025-12-25 07:00,39.31565802353787
2025-12-25 08:00,39.35869410067671
2025-12-25 09:00,37.23653648504482
2025-12-25 10:00,49.984505276223885
2025-12-25 11:00,54.632251324224285
2025-12-25 12:00,54.4473430929488
2025-12-25 13:00,63.68953839638569
2025-12-25 14:00,64.46433332783818
2025-12-25 15:00,63.81167459832627
2025-12-25 16:00,61.74862113208701
2025-12-25 17:00,64.16957990862996
2025-12-25 18:00,64.10458902745562
2025-12-25 19:00,64.31688268390282
2025-12-25 20:00,63.21747608524903
2025-12-25 21:00,57.372212172661094
2025-12-25 22:00,58.87365390490674
2025-12-25 23:00,60.818190514793706
2025-12-26 00:00,61.93968396451973
2025-12-26 01:00,57.65368268453489
2025-12-26 02:00,57.30178828726018
2025-12-26 03:00,57.49043104085195
2025-12-26 04:00,57.885912222908736
2025-12-26 05:00,58.18474623572168
2025-12-26 06:00,54.96563790320169
2025-12-26 07:00,56.78587642412652
2025-12-26 08:00,53.01990628922848
2025-12-26 09:00,50.35483309507149
2025-12-26 10:00,50.215461808241876
2025-12-26 11:00,49.66760534606637
2025-12-26 12:00,49.019751033017826
2025-12-26 13:00,49.20760818441811
2025-12-26 14:00,48.2316908151831
2025-12-26 15:00,46.81867916394309
2025-12-26 16:00,48.32602314354533
2025-12-26 17:00,48.81280536631145
2025-12-26 18:00,36.4042579542274
2025-12-26 19:00,29.274368618083393
2025-12-26 20:00,24.06549800650815
2025-12-26 21:00,7.560471687392457
2025-12-26 22:00,5.473993399815734
2025-12-26 23:00,3.9177110855912782
2025-12-27 00:00,9.691612701918809
2025-12-27 01:00,7.5760299085461975
2025-12-27 02:00,9.76208136948134
2025-12-27 03:00,5.425475296609151
2025-12-27 04:00,3.794631886825876
2025-12-27 05:00,2.0373870070384177
2025-12-27 06:00,0.9237840678702436
2025-12-27 07:00,1.2470907153038038
2025-12-27 08:00,1.173625150571934
2025-12-27 09:00,0.6465236930479383
2025-12-27 10:00,0.2372321969134319
2025-12-27 11:00,0.0
2025-12-27 12:00,0.0
2025-12-27 13:00,0.0
2025-12-27 14:00,1.8637078178208641
2025-12-27 15:00,4.235376310579872
2025-12-27 16:00,2.01698143014018
2025-12-27 17:00,0.9085571283918412
2025-12-27 18:00,5.25804164118368
2025-12-27 19:00,4.4763028197567625
2025-12-27 20:00,3.951097337819609
2025-12-27 21:00,11.695425881902253
2025-12-27 22:00,12.001462244261608
2025-12-27 23:00,11.747293472079894
2025-12-28 00:00,7.131105140583246
2025-12-28 01:00,13.148159517558216
2025-12-28 02:00,9.942230610839214
2025-12-28 03:00,8.443981240558783
2025-12-28 04:00,2.2523834565289844
2025-12-28 05:00,6.477202074319491
2025-12-28 06:00,4.772400301773224
2025-12-28 07:00,7.073470883404801
2025-12-28 08:00,5.456138367679957
2025-12-28 09:00,5.711242920822721
2025-12-28 10:00,7.3563800940672195
2025-12-28 11:00,3.1738032775166225
2025-12-28 12:00,7.284214941131827
2025-12-28 13:00,9.239785978232124
2025-12-28 14:00,9.320349627842148
2025-12-28 15:00,9.843108748307344
2025-12-28 16:00,9.740160870408113
2025-12-28 17:00,16.979957552830676
2025-12-28 18:00,15.219142772350907
2025-12-28 19:00,18.76598867417719
2025-12-28 20:00,26.916684715528557
2025-12-28 21:00,28.683597152292815
2025-12-28 22:00,32.07579965088998
2025-12-28 23:00,31.566894666108826
2025-12-29 00:00,15.049765264721973
2025-12-29 01:00,14.885077492109069
2025-12-29 02:00,27.141718675747068
2025-12-29 03:00,28.906251159742297
2025-12-29 04:00,22.14851355999174
2025-12-29 05:00,24.271809382720207
2025-12-29 06:00,28.95159416029187
2025-12-29 07:00,24.227256070951956
2025-12-29 08:00,19.05141485083142
2025-12-29 09:00,10.28484037000107
2025-12-29 10:00,14.96987249434338
2025-12-29 11:00,23.642121339999036
2025-12-29 12:00,28.871471762770746
2025-12-29 13:00,28.126896348546012
2025-12-29 14:00,22.361906340843444
2025-12-29 15:00,23.773566697612733
2025-12-29 16:00,27.650632635288574
2025-12-29 17:00,32.14175912280338
2025-12-29 18:00,28.954737956830606
2025-12-29 19:00,25.039873555566366
2025-12-29 20:00,17.16032231374494
2025-12-29 21:00,21.367749634876336
2025-12-29 22:00,18.60620933554251
2025-12-29 23:00,13.720392823074889
2025-12-30 00:00,15.652147725775045
2025-12-30 01:00,17.51978210047751
2025-12-30 02:00,16.40600363912321
2025-12-30 03:00,17.463601959327256
2025-12-30 04:00,17.62404855331487
2025-12-30 05:00,25.816401983770803
2025-12-30 06:00,25.154822917265555
2025-12-30 07:00,23.278224530687805
2025-12-30 08:00,23.277771828883917
2025-12-30 09:00,23.972010204428035
2025-12-30 10:00,23.24594207331499
2025-12-30 11:00,21.405823193839645
2025-12-30 12:00,19.826620259460768
2025-12-30 13:00,17.585166111766643
2025-12-30 14:00,17.364527630020437
2025-12-30 15:00,21.68959012683225
2025-12-30 16:00,23.169756612877475
2025-12-30 17:00,22.641035254341705
2025-12-30 18:00,10.964542222603555
2025-12-30 19:00,15.289563728026433
2025-12-30 20:00,8.346584090866434
2025-12-30 21:00,0.0
2025-12-30 22:00,0.0
2025-12-30 23:00,1.1486506172878785
2025-12-31 00:00,1.118832905307043
2025-12-31 01:00,8.840918691944065
2025-12-31 02:00,19.26296526669101
2025-12-31 03:00,30.054737185596448
2025-12-31 04:00,39.58089031057324
2025-12-31 05:00,38.48528542230617
2025-12-31 06:00,36.62698351073044
2025-12-31 07:00,47.89511242949508
2025-12-31 08:00,50.614583588108424
2025-12-31 09:00,49.44728425903291
2025-12-31 10:00,45.02019994130562
2025-12-31 11:00,43.859716562576075
2025-12-31 12:00,41.60751311973125
2025-12-31 13:00,38.98447999140442
2025-12-31 14:00,41.18644535250847
2025-12-31 15:00,44.42130371182458
2025-12-31 16:00,44.40939598068995
2025-12-31 17:00,48.51025024630111
2025-12-31 18:00,41.632046063368335
2025-12-31 19:00,41.01801012734591
2025-12-31 20:00,34.70898307632588
2025-12-31 21:00,38.705626038410784
2025-12-31 22:00,40.277732179225495
2025-12-31 23:00,39.069738903938955
